method,regime,dose,pattern,frac,image,category,amp,tau,psnr,ssim,psnr_unobserved,runtime_s
tv_l2,fixed_dwell,20.0,uniform,0.1,0,Biological,0.0,2.0,22.885074400369597,0.28371247380626174,22.920665302669082,14.073083070004941
tv_l2,fixed_dwell,20.0,uniform,0.1,1,Fibres,0.0,2.0,20.280140404472753,0.32882880717302343,20.190422830525698,15.97762854200846
tv_l2,fixed_dwell,20.0,uniform,0.1,2,Films_Coated_Surface,0.0,2.0,22.770009930879862,0.3266228438759279,22.817773661483148,15.677086304989643
tv_l2,fixed_dwell,20.0,uniform,0.1,3,MEMS_devices_and_electrodes,0.0,2.0,23.700832718188686,0.2742470710517892,23.607065676240527,16.538626745008514
tv_l2,fixed_dwell,20.0,uniform,0.1,4,Nanowires,0.0,2.0,15.924423811195716,0.19551457801097816,15.684423161073148,16.437581825011875
tv_l2,fixed_dwell,20.0,uniform,0.1,5,Particles,0.0,2.0,17.20176715621593,0.22551563080988832,16.940805078541178,15.918964438998955
tv_l2,fixed_dwell,20.0,uniform,0.1,6,Patterned_surface,0.0,2.0,22.811016358646647,0.4217769572979134,22.76946957617475,16.56283685800736
tv_l2,fixed_dwell,20.0,uniform,0.1,7,Porous_Sponge,0.0,2.0,21.71585585327356,0.3520780251804373,21.653502428422907,15.674616522999713
tv_l2,fixed_dwell,20.0,uniform,0.1,8,Powder,0.0,2.0,17.35611563365338,0.2310961397635381,17.17913471688763,17.10296933799691
tv_l2,fixed_dwell,20.0,uniform,0.1,9,Tips,0.0,2.0,30.293867921771845,0.9014104352629521,30.234319973404546,16.28303299700201
tv_l2,fixed_dwell,20.0,uniform,0.1,16,Patterned_surface,0.0,2.0,19.589905773697545,0.35014086392088684,19.534125906852598,13.859554194990778
tv_l2,fixed_dwell,20.0,uniform,0.1,17,Porous_Sponge,0.0,2.0,14.24144577959452,0.2718452072503688,13.96818119893023,16.341122340003494
tv_l2,fixed_dwell,20.0,uniform,0.1,10,Biological,0.0,2.0,25.95793139227122,0.38120147406327076,26.113985142355016,18.426647424988914
tv_l2,fixed_dwell,20.0,uniform,0.1,11,Fibres,0.0,2.0,23.595935631035935,0.5723683510095208,23.579180133245753,15.798350637007388
tv_l2,fixed_dwell,20.0,uniform,0.1,12,Films_Coated_Surface,0.0,2.0,25.131003942991068,0.3741371126722245,25.16371393850235,14.921785142010776
tv_l2,fixed_dwell,20.0,uniform,0.1,13,MEMS_devices_and_electrodes,0.0,2.0,24.98465445583377,0.3240538533585672,24.91593461477505,17.144393794995267
tv_l2,fixed_dwell,20.0,uniform,0.1,18,Powder,0.0,2.0,18.972418451219053,0.318445030069899,18.8892730084688,13.289160547006759
tv_l2,fixed_dwell,20.0,uniform,0.1,19,Tips,0.0,2.0,24.602470661943336,0.737228842696205,24.63470503969768,16.3656743580068
tv_l2,fixed_dwell,20.0,uniform,0.1,14,Nanowires,0.0,2.0,13.354501588688692,0.15161816577787315,13.089347599512354,17.28792211599648
tv_l2,fixed_dwell,20.0,uniform,0.1,15,Particles,0.0,2.0,34.881044787692495,0.8522676109032401,36.84975329923852,15.498159045004286
tv_l2,fixed_dwell,20.0,uniform,0.1,20,Biological,0.0,2.0,22.576741624647255,0.4622921702465492,22.779869234835036,14.60243888599507
tv_l2,fixed_dwell,20.0,uniform,0.1,21,Fibres,0.0,2.0,20.34569969220768,0.3386528957551533,20.276847700779324,16.129052403004607
tv_l2,fixed_dwell,20.0,uniform,0.1,26,Patterned_surface,0.0,2.0,18.46749053124394,0.24420426660594294,18.35603106412843,16.540796029992634
tv_l2,fixed_dwell,20.0,uniform,0.1,27,Porous_Sponge,0.0,2.0,22.589266128749674,0.31961113803045776,22.8174789420965,15.418775586003903
tv_l2,fixed_dwell,20.0,uniform,0.1,28,Powder,0.0,2.0,20.857565642830743,0.39715505674684365,20.787243924997412,15.991994909010828
tv_l2,fixed_dwell,20.0,uniform,0.1,29,Tips,0.0,2.0,34.38743618198521,0.930076328738969,34.91822325830567,16.197610221992363
tv_l2,fixed_dwell,20.0,uniform,0.1,24,Nanowires,0.0,2.0,13.951518303086331,0.1306927771652176,13.697817260999006,17.298125984001672
tv_l2,fixed_dwell,20.0,uniform,0.1,25,Particles,0.0,2.0,31.65578502724083,0.6420240519001225,31.66162507318422,16.482029741004226
tv_l2,fixed_dwell,20.0,uniform,0.1,22,Films_Coated_Surface,0.0,2.0,13.124331214513674,0.19839289343083685,12.827255233214437,17.149537100005546
tv_l2,fixed_dwell,20.0,uniform,0.1,23,MEMS_devices_and_electrodes,0.0,2.0,24.254782784272923,0.35654250871265103,24.173780433949517,16.999440596002387
tv_l2,fixed_dwell,20.0,uniform,0.1,0,Biological,0.5,2.0,22.933808222638827,0.27644394786443194,22.999403262154672,15.431330153005547
tv_l2,fixed_dwell,20.0,uniform,0.1,1,Fibres,0.5,2.0,20.257244815184222,0.323804689494176,20.191174644398252,8.885160238001845
tv_l2,fixed_dwell,20.0,uniform,0.1,6,Patterned_surface,0.5,2.0,22.71077761149828,0.4156053170499987,22.691308271942695,15.768362739006989
tv_l2,fixed_dwell,20.0,uniform,0.1,7,Porous_Sponge,0.5,2.0,21.7223188535148,0.34736248510691264,21.68554952834967,7.54666961399198
tv_l2,fixed_dwell,20.0,uniform,0.1,4,Nanowires,0.5,2.0,15.859517951887144,0.18256147217615243,15.647464089718534,15.570054604002507
tv_l2,fixed_dwell,20.0,uniform,0.1,5,Particles,0.5,2.0,17.16987623420683,0.20900148364204005,16.97308063668537,7.9617346309969435
tv_l2,fixed_dwell,20.0,uniform,0.1,2,Films_Coated_Surface,0.5,2.0,22.65289188434167,0.31393020807499333,22.7252796948927,14.774697423999896
tv_l2,fixed_dwell,20.0,uniform,0.1,3,MEMS_devices_and_electrodes,0.5,2.0,23.70106983379157,0.26576829445264427,23.652471753993446,25.092820653007948
tv_l2,fixed_dwell,20.0,uniform,0.1,8,Powder,0.5,2.0,17.34173228949108,0.21519511742186911,17.22691977987534,24.465270918008173
tv_l2,fixed_dwell,20.0,uniform,0.1,9,Tips,0.5,2.0,30.127783235516596,0.9002190916966684,30.06284048296766,15.243489485001191
tv_l2,fixed_dwell,20.0,uniform,0.1,14,Nanowires,0.5,2.0,13.282959280697163,0.13300134681843234,13.064180560918171,12.198241410005721
tv_l2,fixed_dwell,20.0,uniform,0.1,15,Particles,0.5,2.0,34.85841932573485,0.8518068387554902,36.81679026541686,9.492161214002408
tv_l2,fixed_dwell,20.0,uniform,0.1,12,Films_Coated_Surface,0.5,2.0,25.148260099705023,0.3693842945919446,25.196139711297523,15.188894044986228
tv_l2,fixed_dwell,20.0,uniform,0.1,13,MEMS_devices_and_electrodes,0.5,2.0,24.936625768515135,0.3174059106274869,24.91758205138072,10.291012853995198
tv_l2,fixed_dwell,20.0,uniform,0.1,10,Biological,0.5,2.0,25.990437213607255,0.3756527188959701,26.17308371816931,15.781949161013472
tv_l2,fixed_dwell,20.0,uniform,0.1,11,Fibres,0.5,2.0,23.63010609231024,0.5695062444813798,23.63719826255423,22.246010095987003
tv_l2,fixed_dwell,20.0,uniform,0.1,16,Patterned_surface,0.5,2.0,19.5691077262629,0.3434582408703855,19.535527989942448,17.091661557002226
tv_l2,fixed_dwell,20.0,uniform,0.1,17,Porous_Sponge,0.5,2.0,14.117336632261441,0.25363937674592374,13.882262445554947,13.483266195005854
tv_l2,fixed_dwell,20.0,uniform,0.1,18,Powder,0.5,2.0,18.927352384388232,0.31076402562245603,18.864404708897787,20.200513087998843
tv_l2,fixed_dwell,20.0,uniform,0.1,19,Tips,0.5,2.0,24.59331629660101,0.7353024893258444,24.653243709944807,17.784241757006384
tv_l2,fixed_dwell,20.0,uniform,0.1,24,Nanowires,0.5,2.0,13.89241779066435,0.11126688852296461,13.699016651146543,7.740218159000506
tv_l2,fixed_dwell,20.0,uniform,0.1,25,Particles,0.5,2.0,31.67328119911862,0.640494096267142,31.69090391936586,11.459946582996054
tv_l2,fixed_dwell,20.0,uniform,0.1,26,Patterned_surface,0.5,2.0,18.39950770775274,0.22896838343572276,18.33666269812732,9.848842958002933
tv_l2,fixed_dwell,20.0,uniform,0.1,27,Porous_Sponge,0.5,2.0,22.549078156956224,0.3107436099575814,22.813198329300363,7.719509652990382
tv_l2,fixed_dwell,20.0,uniform,0.1,28,Powder,0.5,2.0,20.813499936707633,0.3924715546157439,20.75111703591102,8.956443293005577
tv_l2,fixed_dwell,20.0,uniform,0.1,29,Tips,0.5,2.0,34.52006674225091,0.9298139390620691,35.112307697144594,9.722572804996162
tv_l2,fixed_dwell,20.0,uniform,0.1,0,Biological,1.0,2.0,22.813075359287534,0.2674480441051346,22.928369499700032,9.64686179200362
tv_l2,fixed_dwell,20.0,uniform,0.1,1,Fibres,1.0,2.0,20.1801598559087,0.31502136434280487,20.15951156675174,8.745632194986683
tv_l2,fixed_dwell,20.0,uniform,0.1,22,Films_Coated_Surface,0.5,2.0,13.101142756789505,0.18776047794804884,12.841636667442181,12.537648306999472
tv_l2,fixed_dwell,20.0,uniform,0.1,23,MEMS_devices_and_electrodes,0.5,2.0,24.297384018507703,0.3508360935123934,24.2650818866948,43.148059590006596
tv_l2,fixed_dwell,20.0,uniform,0.1,2,Films_Coated_Surface,1.0,2.0,22.66301848932659,0.3053744910456428,22.80209523143986,8.125855315010995
tv_l2,fixed_dwell,20.0,uniform,0.1,3,MEMS_devices_and_electrodes,1.0,2.0,23.536546927943817,0.2575257221054851,23.557131897208183,11.498422217002371
tv_l2,fixed_dwell,20.0,uniform,0.1,4,Nanowires,1.0,2.0,15.784837479658583,0.177065424360481,15.612419251061123,12.143955916006234
tv_l2,fixed_dwell,20.0,uniform,0.1,5,Particles,1.0,2.0,17.01511819346825,0.19272029687044567,16.917868256831593,9.359882406002725
tv_l2,fixed_dwell,20.0,uniform,0.1,6,Patterned_surface,1.0,2.0,22.648353857522725,0.4091876550405106,22.6620519041711,12.338554171990836
tv_l2,fixed_dwell,20.0,uniform,0.1,7,Porous_Sponge,1.0,2.0,21.640455163583464,0.33680934736595614,21.645369389521107,8.46644548799668
tv_l2,fixed_dwell,20.0,uniform,0.1,20,Biological,0.5,2.0,22.375893868538338,0.45548719428960815,22.5761982513024,13.15720319499087
tv_l2,fixed_dwell,20.0,uniform,0.1,21,Fibres,0.5,2.0,20.25455735645488,0.33375621775677233,20.189935589974514,69.58769937399484
tv_l2,fixed_dwell,20.0,uniform,0.1,12,Films_Coated_Surface,1.0,2.0,25.10541837906416,0.3634062121720322,25.19404349139116,6.385090861993376
tv_l2,fixed_dwell,20.0,uniform,0.1,13,MEMS_devices_and_electrodes,1.0,2.0,24.82299914228172,0.30951297242244713,24.87427598865713,14.241488734012819
tv_l2,fixed_dwell,20.0,uniform,0.1,14,Nanowires,1.0,2.0,13.18611621999484,0.11989918436123856,13.043851056004382,6.622844669996994
tv_l2,fixed_dwell,20.0,uniform,0.1,15,Particles,1.0,2.0,34.68047319472149,0.8505257259655946,36.56236929979786,13.279192212008638
tv_l2,fixed_dwell,20.0,uniform,0.1,8,Powder,1.0,2.0,17.07344922636112,0.19467426642889935,17.054719143697156,24.141496459997143
tv_l2,fixed_dwell,20.0,uniform,0.1,9,Tips,1.0,2.0,29.77628360011036,0.8966727627537825,29.78440327849046,14.567784843995469
tv_l2,fixed_dwell,20.0,uniform,0.1,10,Biological,1.0,2.0,25.832106474600074,0.36800658772407735,26.055228802571104,26.46889146200556
tv_l2,fixed_dwell,20.0,uniform,0.1,11,Fibres,1.0,2.0,23.682337395922183,0.568711561770635,23.71037267267676,14.65191078800126
tv_l2,fixed_dwell,20.0,uniform,0.1,16,Patterned_surface,1.0,2.0,19.50348023828823,0.3371972112544532,19.523834017056974,12.513323279999895
tv_l2,fixed_dwell,20.0,uniform,0.1,17,Porous_Sponge,1.0,2.0,14.011136780185844,0.2388889832384697,13.841879281333089,19.10816323700419
tv_l2,fixed_dwell,20.0,uniform,0.1,20,Biological,1.0,2.0,22.191300056841463,0.44346210145749043,22.421031241070327,14.450923188007437
tv_l2,fixed_dwell,20.0,uniform,0.1,21,Fibres,1.0,2.0,20.195232949088087,0.3298217053112688,20.152659854769105,17.559769518004032
tv_l2,fixed_dwell,20.0,uniform,0.1,18,Powder,1.0,2.0,18.844882928029016,0.30090367379470917,18.81541619543377,14.620613489008974
tv_l2,fixed_dwell,20.0,uniform,0.1,19,Tips,1.0,2.0,24.448473828026906,0.7320250966621947,24.533033567466585,19.675512586007244
tv_l2,fixed_dwell,20.0,uniform,0.1,22,Films_Coated_Surface,1.0,2.0,13.001506061828731,0.17522763181030857,12.802253005597068,17.60567125499074
tv_l2,fixed_dwell,20.0,uniform,0.1,23,MEMS_devices_and_electrodes,1.0,2.0,24.168101870753183,0.34351514677524525,24.205547441890374,17.23305050098861
tv_l2,fixed_dwell,20.0,uniform,0.1,24,Nanowires,1.0,2.0,13.789368128580485,0.0948212623998544,13.687922262965305,17.171254269007477
tv_l2,fixed_dwell,20.0,uniform,0.1,25,Particles,1.0,2.0,31.484335026883432,0.6381050968735238,31.538946910781508,17.591179780996754
tv_l2,fixed_dwell,20.0,uniform,0.1,26,Patterned_surface,1.0,2.0,18.306581458458258,0.21701801949921395,18.313918648727718,19.773214578992338
tv_l2,fixed_dwell,20.0,uniform,0.1,27,Porous_Sponge,1.0,2.0,22.42882802685232,0.29864999680162474,22.761936374221683,17.118026027994347
tv_l2,fixed_dwell,20.0,uniform,0.1,28,Powder,1.0,2.0,20.716704406975225,0.38487288857114993,20.674443132230596,16.890665543993236
tv_l2,fixed_dwell,20.0,uniform,0.1,29,Tips,1.0,2.0,33.73357501486856,0.9262927008084237,34.21510098672239,16.797650502994657
tv_l2,fixed_dwell,20.0,uniform,0.1,0,Biological,2.0,2.0,22.720405020044574,0.2550223177467907,22.876571777384143,16.86608252300357
tv_l2,fixed_dwell,20.0,uniform,0.1,1,Fibres,2.0,2.0,19.95160867312228,0.29284126009041267,20.008276297987226,17.054716266997275
tv_l2,fixed_dwell,20.0,uniform,0.1,2,Films_Coated_Surface,2.0,2.0,22.640473444034768,0.3010106708192806,22.78708898341758,16.95093957800418
tv_l2,fixed_dwell,20.0,uniform,0.1,3,MEMS_devices_and_electrodes,2.0,2.0,23.320093212379494,0.2516216677739867,23.373027441779012,17.081719303008867
tv_l2,fixed_dwell,20.0,uniform,0.1,4,Nanowires,2.0,2.0,15.59578371038446,0.14760118577211034,15.53055724856389,18.592283741003484
tv_l2,fixed_dwell,20.0,uniform,0.1,5,Particles,2.0,2.0,16.851571942422858,0.17020659301124205,16.902430489152714,19.788799193003797
tv_l2,fixed_dwell,20.0,uniform,0.1,6,Patterned_surface,2.0,2.0,22.63021739001353,0.40643079238265695,22.663278183863135,18.43342265600222
tv_l2,fixed_dwell,20.0,uniform,0.1,7,Porous_Sponge,2.0,2.0,21.488013721960005,0.32726244794261666,21.53257314213669,19.863752630000818
tv_l2,fixed_dwell,20.0,uniform,0.1,10,Biological,2.0,2.0,25.69537505358212,0.35917199580857656,25.97197916610758,18.90925615899323
tv_l2,fixed_dwell,20.0,uniform,0.1,11,Fibres,2.0,2.0,23.411236327067,0.5549549568652508,23.4832078148416,17.318936076000682
tv_l2,fixed_dwell,20.0,uniform,0.1,8,Powder,2.0,2.0,16.92781326160715,0.18082245127184715,16.952001370797873,20.66274040499411
tv_l2,fixed_dwell,20.0,uniform,0.1,9,Tips,2.0,2.0,28.530035790559268,0.8901514583626887,28.613156859237264,17.998037090001162
tv_l2,fixed_dwell,20.0,uniform,0.1,12,Films_Coated_Surface,2.0,2.0,25.042074764254536,0.35857200061337174,25.154321841172806,20.23412165499758
tv_l2,fixed_dwell,20.0,uniform,0.1,13,MEMS_devices_and_electrodes,2.0,2.0,24.724220352994436,0.3062256804340678,24.80115644974959,17.42015600101149
tv_l2,fixed_dwell,20.0,uniform,0.1,14,Nanowires,2.0,2.0,12.990012884685704,0.07996322656636787,12.999177211274212,17.82720241601055
tv_l2,fixed_dwell,20.0,uniform,0.1,15,Particles,2.0,2.0,34.62119034829838,0.848734360557128,36.543252642171794,18.4024874260067
tv_l2,fixed_dwell,20.0,uniform,0.1,16,Patterned_surface,2.0,2.0,19.3514444543295,0.3212069649377307,19.48245858056209,16.947321576008108
tv_l2,fixed_dwell,20.0,uniform,0.1,17,Porous_Sponge,2.0,2.0,13.646384303854473,0.19725995548910794,13.604209545094967,17.213369352000882
tv_l2,fixed_dwell,20.0,uniform,0.1,18,Powder,2.0,2.0,18.594663754721893,0.2733493964381247,18.631170705189692,16.506443125996157
tv_l2,fixed_dwell,20.0,uniform,0.1,19,Tips,2.0,2.0,23.971927296132183,0.720224599055648,24.10809588022201,15.828320201995666
tv_l2,fixed_dwell,20.0,uniform,0.1,20,Biological,2.0,2.0,21.87734330598952,0.43387607162483405,22.13399589530651,15.725486352006556
tv_l2,fixed_dwell,20.0,uniform,0.1,21,Fibres,2.0,2.0,20.124899570403386,0.31809284923380016,20.12453516108866,16.154213640998933
tv_l2,fixed_dwell,20.0,uniform,0.1,22,Films_Coated_Surface,2.0,2.0,12.733878218580482,0.1329727721132648,12.70723361013639,17.40802447500755
tv_l2,fixed_dwell,20.0,uniform,0.1,23,MEMS_devices_and_electrodes,2.0,2.0,23.88468766204135,0.33863530112882956,23.933163095882005,16.550626372001716
tv_l2,fixed_dwell,20.0,uniform,0.1,24,Nanowires,2.0,2.0,13.64571566396032,0.06386728383818084,13.683270676557722,16.981216808999307
tv_l2,fixed_dwell,20.0,uniform,0.1,25,Particles,2.0,2.0,31.323654188833512,0.6376116117199323,31.384892826158648,17.8428369989997
tv_l2,fixed_dwell,20.0,uniform,0.3,0,Biological,0.0,2.0,23.923640466181254,0.32373154403143956,23.82319522496021,9.411614771001041
tv_l2,fixed_dwell,20.0,uniform,0.3,1,Fibres,0.0,2.0,21.65679433785448,0.41756098009143355,21.39871045210635,10.365246519999346
tv_l2,fixed_dwell,20.0,uniform,0.1,26,Patterned_surface,2.0,2.0,18.167761644646426,0.19798755235433987,18.286075164890846,15.821528978995048
tv_l2,fixed_dwell,20.0,uniform,0.1,27,Porous_Sponge,2.0,2.0,22.06350894713209,0.2843574366087711,22.412489531967136,16.275796066998737
tv_l2,fixed_dwell,20.0,uniform,0.3,2,Films_Coated_Surface,0.0,2.0,24.415164474501537,0.387239634724681,24.327451475036703,10.104850960997283
tv_l2,fixed_dwell,20.0,uniform,0.3,3,MEMS_devices_and_electrodes,0.0,2.0,24.350297362355082,0.2760894988683183,24.208025703290502,14.840200620994437
tv_l2,fixed_dwell,20.0,uniform,0.1,28,Powder,2.0,2.0,20.498641659411017,0.36866556293997743,20.493317451557097,17.561395093012834
tv_l2,fixed_dwell,20.0,uniform,0.1,29,Tips,2.0,2.0,32.97996067642785,0.923661307827209,33.44343827507295,19.0286862290086
tv_l2,fixed_dwell,20.0,uniform,0.3,4,Nanowires,0.0,2.0,17.83867471401237,0.365468775264664,17.35008660646158,14.34616523499426
tv_l2,fixed_dwell,20.0,uniform,0.3,5,Particles,0.0,2.0,18.20127788556161,0.30467785287348825,17.556958528745877,10.085000963008497
tv_l2,fixed_dwell,20.0,uniform,0.3,6,Patterned_surface,0.0,2.0,24.71990908731354,0.48237310574804454,24.56495639491765,12.900214886001777
tv_l2,fixed_dwell,20.0,uniform,0.3,7,Porous_Sponge,0.0,2.0,23.399940737244215,0.4234213540595354,23.2247296551027,11.145611300991732
tv_l2,fixed_dwell,20.0,uniform,0.3,8,Powder,0.0,2.0,18.84219114851824,0.3108972451939882,18.470352509356076,9.833124908007449
tv_l2,fixed_dwell,20.0,uniform,0.3,9,Tips,0.0,2.0,32.750437189262755,0.9118608543191488,32.527223154188874,12.42763211800775
tv_l2,fixed_dwell,20.0,uniform,0.3,10,Biological,0.0,2.0,26.816142492369806,0.39781983804616194,26.77570798345362,9.282252475997666
tv_l2,fixed_dwell,20.0,uniform,0.3,11,Fibres,0.0,2.0,26.291092811384807,0.6536544375617049,26.124407096087197,11.230120638007065
tv_l2,fixed_dwell,20.0,uniform,0.3,16,Patterned_surface,0.0,2.0,20.545473627996454,0.48286827636642937,20.16586536300927,8.027161423990037
tv_l2,fixed_dwell,20.0,uniform,0.3,17,Porous_Sponge,0.0,2.0,17.115045135786637,0.47455690011834084,16.486697927328958,11.003626129007898
tv_l2,fixed_dwell,20.0,uniform,0.3,12,Films_Coated_Surface,0.0,2.0,25.85631172001373,0.3955738009419157,25.80886205781576,12.546741976999328
tv_l2,fixed_dwell,20.0,uniform,0.3,13,MEMS_devices_and_electrodes,0.0,2.0,25.41218423470959,0.3237106191388833,25.304168476842,14.676371859008214
tv_l2,fixed_dwell,20.0,uniform,0.3,18,Powder,0.0,2.0,21.094149173217094,0.4499225815619165,20.860997734318364,8.164696917010588
tv_l2,fixed_dwell,20.0,uniform,0.3,19,Tips,0.0,2.0,26.430601548305923,0.7894632144625567,26.294084588548724,10.031642358997487
tv_l2,fixed_dwell,20.0,uniform,0.3,14,Nanowires,0.0,2.0,14.648929415959591,0.31395078430511303,14.10189925427325,9.08542709199537
tv_l2,fixed_dwell,20.0,uniform,0.3,15,Particles,0.0,2.0,38.2855337968285,0.9134585086377063,38.86505612345002,11.9780416279973
tv_l2,fixed_dwell,20.0,uniform,0.3,20,Biological,0.0,2.0,24.90598580290582,0.5344209057772565,25.003333614608895,8.837339966994477
tv_l2,fixed_dwell,20.0,uniform,0.3,21,Fibres,0.0,2.0,21.82735431374562,0.4577001195452493,21.591423997354052,9.194622737006284
tv_l2,fixed_dwell,20.0,uniform,0.3,26,Patterned_surface,0.0,2.0,19.469893145349218,0.3158990285345157,19.153932363658626,8.167160728989984
tv_l2,fixed_dwell,20.0,uniform,0.3,27,Porous_Sponge,0.0,2.0,24.20650169251919,0.3644079250322829,24.254762524620364,8.022636253997916
tv_l2,fixed_dwell,20.0,uniform,0.3,22,Films_Coated_Surface,0.0,2.0,15.254063420920946,0.43230148347523967,14.516197717641493,8.377883869005018
tv_l2,fixed_dwell,20.0,uniform,0.3,23,MEMS_devices_and_electrodes,0.0,2.0,25.448255080841477,0.36761721272248205,25.33574893868075,12.522272582995356
tv_l2,fixed_dwell,20.0,uniform,0.3,28,Powder,0.0,2.0,23.069233983506685,0.5191312592846656,22.906073814684493,9.335726502002217
tv_l2,fixed_dwell,20.0,uniform,0.3,29,Tips,0.0,2.0,37.54066695521305,0.9504365658014577,37.959054973365845,12.079237380996346
tv_l2,fixed_dwell,20.0,uniform,0.3,24,Nanowires,0.0,2.0,14.627857172361105,0.242153528798246,14.019377214785607,7.484684171009576
tv_l2,fixed_dwell,20.0,uniform,0.3,25,Particles,0.0,2.0,32.29160918355004,0.6447240320677015,32.26161357494603,16.86516609499813
tv_l2,fixed_dwell,20.0,uniform,0.3,0,Biological,0.5,2.0,23.93864106907501,0.3196096272857717,23.859857025660926,10.294512319000205
tv_l2,fixed_dwell,20.0,uniform,0.3,1,Fibres,0.5,2.0,21.532140563467514,0.4057643717504999,21.344786008907132,8.849473937996663
tv_l2,fixed_dwell,20.0,uniform,0.3,2,Films_Coated_Surface,0.5,2.0,24.383093870711395,0.37991966712768066,24.353657443535614,9.05014676899009
tv_l2,fixed_dwell,20.0,uniform,0.3,3,MEMS_devices_and_electrodes,0.5,2.0,24.31918316926076,0.27228408024625117,24.231869478420226,11.341295266989619
tv_l2,fixed_dwell,20.0,uniform,0.3,4,Nanowires,0.5,2.0,17.66537241004533,0.3443266772287804,17.256791408828477,11.590949300996726
tv_l2,fixed_dwell,20.0,uniform,0.3,5,Particles,0.5,2.0,18.02424684704876,0.2776820047003345,17.53358688774483,9.08605067100143
tv_l2,fixed_dwell,20.0,uniform,0.3,6,Patterned_surface,0.5,2.0,24.645290255581727,0.4789317920882792,24.532571906136695,11.183695407002233
tv_l2,fixed_dwell,20.0,uniform,0.3,7,Porous_Sponge,0.5,2.0,23.377876665589156,0.4185097563221547,23.233772856842656,10.43873547000112
tv_l2,fixed_dwell,20.0,uniform,0.3,8,Powder,0.5,2.0,18.74155920908325,0.29311507577264356,18.50333636316361,9.178623302999767
tv_l2,fixed_dwell,20.0,uniform,0.3,9,Tips,0.5,2.0,32.2396653345127,0.9097760771600434,32.080472125000796,11.455950238989317
tv_l2,fixed_dwell,20.0,uniform,0.3,10,Biological,0.5,2.0,26.774166762139316,0.39549764267893817,26.734882434985995,9.198916068999097
tv_l2,fixed_dwell,20.0,uniform,0.3,11,Fibres,0.5,2.0,26.130126201710407,0.6475708765486358,25.974009057408036,10.20713334500033
tv_l2,fixed_dwell,20.0,uniform,0.3,18,Powder,0.5,2.0,20.93956770279648,0.43567224992508025,20.736498704253744,7.747451571995043
tv_l2,fixed_dwell,20.0,uniform,0.3,19,Tips,0.5,2.0,26.32932415725768,0.787130246317678,26.207240124432914,8.884506196001894
tv_l2,fixed_dwell,20.0,uniform,0.3,16,Patterned_surface,0.5,2.0,20.434843355130848,0.46828443918919477,20.121330470246185,7.506062837011996
tv_l2,fixed_dwell,20.0,uniform,0.3,17,Porous_Sponge,0.5,2.0,16.759893066025924,0.4438909877264392,16.255356424456984,9.829696051005158
tv_l2,fixed_dwell,20.0,uniform,0.3,14,Nanowires,0.5,2.0,14.481415421596218,0.28083639134618393,14.049620416056122,8.427049379999517
tv_l2,fixed_dwell,20.0,uniform,0.3,15,Particles,0.5,2.0,38.19697180701504,0.9120888779415481,38.824889933776284,10.825649181992048
tv_l2,fixed_dwell,20.0,uniform,0.3,12,Films_Coated_Surface,0.5,2.0,25.778140988369003,0.3905100282037527,25.75506235328848,12.186026077994029
tv_l2,fixed_dwell,20.0,uniform,0.3,13,MEMS_devices_and_electrodes,0.5,2.0,25.376422150672774,0.320809771565767,25.306958283935266,12.882733858001302
tv_l2,fixed_dwell,20.0,uniform,0.3,20,Biological,0.5,2.0,24.715140663927183,0.5251832139370473,24.835815376658395,7.252837225008989
tv_l2,fixed_dwell,20.0,uniform,0.3,21,Fibres,0.5,2.0,21.76586616284883,0.4524129074018711,21.546427338684154,8.073312182008522
tv_l2,fixed_dwell,20.0,uniform,0.3,26,Patterned_surface,0.5,2.0,19.374600662315537,0.29918402828342994,19.13421549328884,7.205078485989361
tv_l2,fixed_dwell,20.0,uniform,0.3,27,Porous_Sponge,0.5,2.0,24.07339856538829,0.35233143239481024,24.17860899571171,7.3731524019967765
tv_l2,fixed_dwell,20.0,uniform,0.3,22,Films_Coated_Surface,0.5,2.0,14.998705440043224,0.40238735832896344,14.369605001995701,7.39338561600016
tv_l2,fixed_dwell,20.0,uniform,0.3,23,MEMS_devices_and_electrodes,0.5,2.0,25.30621105943727,0.36250444772689017,25.244252454248205,11.178216916014208
tv_l2,fixed_dwell,20.0,uniform,0.3,0,Biological,1.0,2.0,23.856620618217285,0.3115159558467096,23.82332731845007,8.53093819800415
tv_l2,fixed_dwell,20.0,uniform,0.3,1,Fibres,1.0,2.0,21.37969719048136,0.39361867549214163,21.246692823251543,8.807528174002073
tv_l2,fixed_dwell,20.0,uniform,0.3,28,Powder,0.5,2.0,23.031795450445948,0.51541057445971,22.874106137892426,8.207328067001072
tv_l2,fixed_dwell,20.0,uniform,0.3,29,Tips,0.5,2.0,37.65077813230255,0.9506597370397502,38.04936067076894,11.841345939988969
tv_l2,fixed_dwell,20.0,uniform,0.3,24,Nanowires,0.5,2.0,14.485631738910422,0.20538662898419227,14.006489053045076,6.6400459590076935
tv_l2,fixed_dwell,20.0,uniform,0.3,25,Particles,0.5,2.0,32.22602759715348,0.6446704749961106,32.198485782403644,16.338195705000544
tv_l2,fixed_dwell,20.0,uniform,0.3,2,Films_Coated_Surface,1.0,2.0,24.27790845058307,0.3718541826140027,24.295096013615808,8.57560095199733
tv_l2,fixed_dwell,20.0,uniform,0.3,3,MEMS_devices_and_electrodes,1.0,2.0,24.21426089400386,0.26894157896002546,24.167419995491272,11.602045080988319
tv_l2,fixed_dwell,20.0,uniform,0.3,4,Nanowires,1.0,2.0,17.52061069521225,0.33141160415198295,17.185085572375435,10.903902980993735
tv_l2,fixed_dwell,20.0,uniform,0.3,5,Particles,1.0,2.0,17.844647709836124,0.26420361424184935,17.49577934295765,9.247229488988523
tv_l2,fixed_dwell,20.0,uniform,0.3,6,Patterned_surface,1.0,2.0,24.67454874992532,0.47627910698308773,24.599704366891423,10.334729854002944
tv_l2,fixed_dwell,20.0,uniform,0.3,7,Porous_Sponge,1.0,2.0,23.297316476549085,0.41352866957397527,23.214870764381637,10.556496898003388
tv_l2,fixed_dwell,20.0,uniform,0.3,8,Powder,1.0,2.0,18.524908000906514,0.2762745207800379,18.44277292479178,8.57572874201287
tv_l2,fixed_dwell,20.0,uniform,0.3,9,Tips,1.0,2.0,31.42109245590519,0.9069685510845753,31.34296960178091,11.715668207994895
tv_l2,fixed_dwell,20.0,uniform,0.3,10,Biological,1.0,2.0,26.695548217372192,0.39057997095177394,26.688537461624342,9.060234189993935
tv_l2,fixed_dwell,20.0,uniform,0.3,11,Fibres,1.0,2.0,26.072389033636625,0.6467050840043047,25.94102941041878,11.242065737998928
tv_l2,fixed_dwell,20.0,uniform,0.3,14,Nanowires,1.0,2.0,14.316172243445891,0.26439835357620656,13.99668108079757,8.256104213010985
tv_l2,fixed_dwell,20.0,uniform,0.3,15,Particles,1.0,2.0,38.1270441817971,0.9122365500783489,38.72210185841126,10.108441702002892
tv_l2,fixed_dwell,20.0,uniform,0.3,20,Biological,1.0,2.0,24.469593127825956,0.5158409460175611,24.660113880648996,7.262759624994942
tv_l2,fixed_dwell,20.0,uniform,0.3,21,Fibres,1.0,2.0,21.715382783376892,0.4493285121245629,21.51276178257889,8.821631259997957
tv_l2,fixed_dwell,20.0,uniform,0.3,18,Powder,1.0,2.0,20.72706749270443,0.4221091196241308,20.585922060142767,7.380372715007979
tv_l2,fixed_dwell,20.0,uniform,0.3,19,Tips,1.0,2.0,26.035719104944256,0.7780156450981813,25.941958321619694,9.246052852991852
tv_l2,fixed_dwell,20.0,uniform,0.3,16,Patterned_surface,1.0,2.0,20.277782510818426,0.45356076249381144,20.046093388034258,7.567518885000027
tv_l2,fixed_dwell,20.0,uniform,0.3,17,Porous_Sponge,1.0,2.0,16.36733424638266,0.4164991673383208,16.030807732788357,9.910425943991868
tv_l2,fixed_dwell,20.0,uniform,0.3,12,Films_Coated_Surface,1.0,2.0,25.80560261189096,0.39015377317376,25.789185915306007,11.367592823007726
tv_l2,fixed_dwell,20.0,uniform,0.3,13,MEMS_devices_and_electrodes,1.0,2.0,25.309713840740386,0.317441773954165,25.283826271941923,11.687337601993931
tv_l2,fixed_dwell,20.0,uniform,0.3,26,Patterned_surface,1.0,2.0,19.257566672135887,0.2885080075692089,19.102831009451346,7.288398631004384
tv_l2,fixed_dwell,20.0,uniform,0.3,27,Porous_Sponge,1.0,2.0,23.825628642443426,0.33984684404217613,24.0026104747515,7.756276190004428
tv_l2,fixed_dwell,20.0,uniform,0.3,22,Films_Coated_Surface,1.0,2.0,14.76088482214837,0.38148493798888333,14.258293271349462,7.518225167004857
tv_l2,fixed_dwell,20.0,uniform,0.3,23,MEMS_devices_and_electrodes,1.0,2.0,25.240101326632466,0.3601123115715473,25.257265768549978,11.750417415008997
tv_l2,fixed_dwell,20.0,uniform,0.3,0,Biological,2.0,2.0,23.76330826063039,0.3007980029235512,23.788287106732074,8.751326295008766
tv_l2,fixed_dwell,20.0,uniform,0.3,1,Fibres,2.0,2.0,21.07618316991787,0.36697284952250603,21.059065525334137,9.936503185992478
tv_l2,fixed_dwell,20.0,uniform,0.3,28,Powder,1.0,2.0,22.89421444426848,0.5062267642001766,22.767667020930258,8.148219088005135
tv_l2,fixed_dwell,20.0,uniform,0.3,29,Tips,1.0,2.0,36.72021774812863,0.9491317126516171,37.07425815650152,12.682051335999859
tv_l2,fixed_dwell,20.0,uniform,0.3,24,Nanowires,1.0,2.0,14.33694588661362,0.1875814978367415,13.974391822504764,7.063696643002913
tv_l2,fixed_dwell,20.0,uniform,0.3,25,Particles,1.0,2.0,32.119388632235776,0.6441617092448377,32.09469400714801,17.208415731001878
tv_l2,fixed_dwell,20.0,uniform,0.3,2,Films_Coated_Surface,2.0,2.0,24.171544508925997,0.36306419666783296,24.216769334861294,8.619794336002087
tv_l2,fixed_dwell,20.0,uniform,0.3,3,MEMS_devices_and_electrodes,2.0,2.0,23.91124778037206,0.26146780067893377,23.9218271504099,11.836154260992771
tv_l2,fixed_dwell,20.0,uniform,0.3,4,Nanowires,2.0,2.0,16.94121770722799,0.269417413995238,16.81451952070766,11.646614848010358
tv_l2,fixed_dwell,20.0,uniform,0.3,5,Particles,2.0,2.0,17.354079926632803,0.21361667404949367,17.310497019641268,9.206325089005986
tv_l2,fixed_dwell,20.0,uniform,0.3,8,Powder,2.0,2.0,18.14067792213956,0.2500613768257475,18.134627587065722,8.29907735499728
tv_l2,fixed_dwell,20.0,uniform,0.3,9,Tips,2.0,2.0,29.814548612452462,0.8994701879979354,29.80153645179008,11.32700398900488
tv_l2,fixed_dwell,20.0,uniform,0.3,6,Patterned_surface,2.0,2.0,24.448917363859085,0.4702219312004625,24.407095215371783,10.645277217990952
tv_l2,fixed_dwell,20.0,uniform,0.3,7,Porous_Sponge,2.0,2.0,22.947090682459965,0.39706715966864387,22.898165758034352,10.84224731499853
tv_l2,fixed_dwell,20.0,uniform,0.3,10,Biological,2.0,2.0,26.61616375901275,0.38544242212745533,26.655305991696878,9.071392375000869
tv_l2,fixed_dwell,20.0,uniform,0.3,11,Fibres,2.0,2.0,25.499109808086544,0.6286708057263491,25.445892331692853,10.798293314001057
tv_l2,fixed_dwell,20.0,uniform,0.3,16,Patterned_surface,2.0,2.0,19.997177296574936,0.4226740599813549,19.93406737662387,7.601164602005156
tv_l2,fixed_dwell,20.0,uniform,0.3,17,Porous_Sponge,2.0,2.0,15.249983740396157,0.329938330894058,15.213411047115088,9.104725664001307
tv_l2,fixed_dwell,20.0,uniform,0.3,14,Nanowires,2.0,2.0,13.811355957627514,0.19158504964165984,13.7434741152906,8.463639441004489
tv_l2,fixed_dwell,20.0,uniform,0.3,15,Particles,2.0,2.0,38.0243804354741,0.9121729169536612,38.57649698393253,10.54425057399203
tv_l2,fixed_dwell,20.0,uniform,0.3,20,Biological,2.0,2.0,23.78496651561864,0.49935741203036754,23.995316552914417,7.6602297839999665
tv_l2,fixed_dwell,20.0,uniform,0.3,21,Fibres,2.0,2.0,21.465692094893143,0.4287425048395594,21.327493179377242,8.605998865998117
tv_l2,fixed_dwell,20.0,uniform,0.3,18,Powder,2.0,2.0,20.16383832400376,0.3802397539069021,20.118576157490104,7.948935367996455
tv_l2,fixed_dwell,20.0,uniform,0.3,19,Tips,2.0,2.0,25.32579624864737,0.7602036222224313,25.343550522034626,9.068923572995118
tv_l2,fixed_dwell,20.0,uniform,0.3,12,Films_Coated_Surface,2.0,2.0,25.68470360291095,0.38219344615674905,25.690676097999173,12.166493951008306
tv_l2,fixed_dwell,20.0,uniform,0.3,13,MEMS_devices_and_electrodes,2.0,2.0,25.16215284075947,0.3132322943806041,25.16757316606986,12.602738741989015
tv_l2,fixed_dwell,20.0,uniform,0.3,26,Patterned_surface,2.0,2.0,18.95797188396592,0.25800729999600647,18.96052454366879,8.181148724994273
tv_l2,fixed_dwell,20.0,uniform,0.3,27,Porous_Sponge,2.0,2.0,23.319541389080356,0.32407633726637836,23.543820568597486,8.088937412001542
tv_l2,fixed_dwell,20.0,uniform,0.3,22,Films_Coated_Surface,2.0,2.0,13.913833546836887,0.29046624698344564,13.777411637530136,8.432741191005334
tv_l2,fixed_dwell,20.0,uniform,0.3,23,MEMS_devices_and_electrodes,2.0,2.0,24.933114085337884,0.35408058885885463,24.961537766291247,12.156364752998343
tv_l2,fixed_dwell,20.0,uniform,0.3,28,Powder,2.0,2.0,22.408959661638676,0.4756076817782891,22.35227567389401,9.674053861002903
tv_l2,fixed_dwell,20.0,uniform,0.3,29,Tips,2.0,2.0,35.232934925479924,0.9448801203860998,35.436280474178815,14.023740492993966
tv_l2,fixed_dwell,20.0,uniform,0.3,24,Nanowires,2.0,2.0,13.985893668829767,0.12880516557421404,13.887369708917252,7.384197341001709
tv_l2,fixed_dwell,20.0,uniform,0.3,25,Particles,2.0,2.0,31.908273525336973,0.6436415860093045,31.861901953003752,17.722086000998388
tv_l2,fixed_dwell,20.0,partial_raster,0.1,0,Biological,0.0,2.0,22.683394594534146,0.28233038099952923,22.682689026828356,13.63376645099197
tv_l2,fixed_dwell,20.0,partial_raster,0.1,1,Fibres,0.0,2.0,19.870075649030532,0.3099528027007344,19.725065448440247,13.873941494995961
tv_l2,fixed_dwell,20.0,partial_raster,0.1,2,Films_Coated_Surface,0.0,2.0,22.186453351254777,0.31086751875271856,22.171638608426406,13.56425298799877
tv_l2,fixed_dwell,20.0,partial_raster,0.1,3,MEMS_devices_and_electrodes,0.0,2.0,23.174035009713453,0.2701294049944757,23.037697264187806,14.285850718995789
tv_l2,fixed_dwell,20.0,partial_raster,0.1,4,Nanowires,0.0,2.0,15.43507670830856,0.17154540821480307,15.124551548929384,13.862129048997303
tv_l2,fixed_dwell,20.0,partial_raster,0.1,5,Particles,0.0,2.0,17.10802111001151,0.2256324745962531,16.811700849092453,14.516653479993693
tv_l2,fixed_dwell,20.0,partial_raster,0.1,8,Powder,0.0,2.0,16.66845554875075,0.20295504587898866,16.427228697506525,14.228040907997638
tv_l2,fixed_dwell,20.0,partial_raster,0.1,9,Tips,0.0,2.0,30.037945708795483,0.9016873716012644,29.923187662784038,13.512375949998386
tv_l2,fixed_dwell,20.0,partial_raster,0.1,6,Patterned_surface,0.0,2.0,21.709666183928245,0.3902813615977327,21.5581055141497,14.358842585003003
tv_l2,fixed_dwell,20.0,partial_raster,0.1,7,Porous_Sponge,0.0,2.0,21.04926495664678,0.33283122921646546,20.90053771745594,14.589020903003984
tv_l2,fixed_dwell,20.0,partial_raster,0.1,10,Biological,0.0,2.0,25.677265103232408,0.37987494993320975,25.834776770759884,14.565753391987528
tv_l2,fixed_dwell,20.0,partial_raster,0.1,11,Fibres,0.0,2.0,22.80544370426623,0.55186617934901,22.70937851180635,14.369794301994261
tv_l2,fixed_dwell,20.0,partial_raster,0.1,12,Films_Coated_Surface,0.0,2.0,25.05604631465966,0.3731421407819893,25.063399854696257,14.072071891001542
tv_l2,fixed_dwell,20.0,partial_raster,0.1,13,MEMS_devices_and_electrodes,0.0,2.0,24.45734373849352,0.32044944033131856,24.336186252335317,14.34806866699364
tv_l2,fixed_dwell,20.0,partial_raster,0.1,14,Nanowires,0.0,2.0,13.069814209438853,0.13714255186041782,12.745595369131575,14.37813991800067
tv_l2,fixed_dwell,20.0,partial_raster,0.1,15,Particles,0.0,2.0,33.93546995786271,0.8403574442914618,35.78669430697837,15.571467043992016
tv_l2,fixed_dwell,20.0,partial_raster,0.1,16,Patterned_surface,0.0,2.0,19.412148142838937,0.34140481484708707,19.30160330399291,14.33774016299867
tv_l2,fixed_dwell,20.0,partial_raster,0.1,17,Porous_Sponge,0.0,2.0,13.146894340301326,0.20934130507982687,12.81480460299033,13.608215063999523
tv_l2,fixed_dwell,20.0,partial_raster,0.1,20,Biological,0.0,2.0,21.090887128954577,0.4328538243849834,21.13284244515867,14.846205677997204
tv_l2,fixed_dwell,20.0,partial_raster,0.1,21,Fibres,0.0,2.0,19.822253334677555,0.3124778317408969,19.674024372446958,14.680608221999137
tv_l2,fixed_dwell,20.0,partial_raster,0.1,18,Powder,0.0,2.0,18.04635929930048,0.27793357632783533,17.874017453868525,14.513763955998002
tv_l2,fixed_dwell,20.0,partial_raster,0.1,19,Tips,0.0,2.0,24.15528120007697,0.7309244632495626,24.13698173091425,18.90650024599745
tv_l2,fixed_dwell,20.0,partial_raster,0.1,22,Films_Coated_Surface,0.0,2.0,12.772641428621307,0.17243701260731376,12.44075393014237,15.489699215002474
tv_l2,fixed_dwell,20.0,partial_raster,0.1,23,MEMS_devices_and_electrodes,0.0,2.0,23.981862439379725,0.3550884731055404,23.869088384527902,15.29489502600336
tv_l2,fixed_dwell,20.0,partial_raster,0.1,28,Powder,0.0,2.0,19.92937389521338,0.3515147631967935,19.76964038140655,10.935187379000126
tv_l2,fixed_dwell,20.0,partial_raster,0.1,29,Tips,0.0,2.0,33.0823034067539,0.9248858845818063,33.480195482991476,13.974743901999318
tv_l2,fixed_dwell,20.0,partial_raster,0.1,24,Nanowires,0.0,2.0,13.775243335161376,0.12458774438955188,13.484674415755551,14.396304884998244
tv_l2,fixed_dwell,20.0,partial_raster,0.1,25,Particles,0.0,2.0,31.0728072509148,0.6402425465715269,31.019377890042055,17.874837169001694
tv_l2,fixed_dwell,20.0,partial_raster,0.1,26,Patterned_surface,0.0,2.0,18.15888430214515,0.2329400592128271,17.997808991282696,19.582854873006
tv_l2,fixed_dwell,20.0,partial_raster,0.1,27,Porous_Sponge,0.0,2.0,21.82806128951629,0.3089778532182791,21.980126121669798,13.273688603003393
tv_l2,fixed_dwell,20.0,partial_raster,0.1,0,Biological,0.5,2.0,22.683394594534146,0.28233038099952923,22.682689026828356,10.465893187996699
tv_l2,fixed_dwell,20.0,partial_raster,0.1,1,Fibres,0.5,2.0,19.870075649030532,0.3099528027007344,19.725065448440247,19.139661966997664
tv_l2,fixed_dwell,20.0,partial_raster,0.1,2,Films_Coated_Surface,0.5,2.0,22.186453351254777,0.31086751875271856,22.171638608426406,11.569219217999489
tv_l2,fixed_dwell,20.0,partial_raster,0.1,3,MEMS_devices_and_electrodes,0.5,2.0,23.174035009713453,0.2701294049944757,23.037697264187806,18.575116785999853
tv_l2,fixed_dwell,20.0,partial_raster,0.1,6,Patterned_surface,0.5,2.0,21.709666183928245,0.3902813615977327,21.5581055141497,12.520028718994581
tv_l2,fixed_dwell,20.0,partial_raster,0.1,7,Porous_Sponge,0.5,2.0,21.04926495664678,0.33283122921646546,20.90053771745594,10.090348790996359
tv_l2,fixed_dwell,20.0,partial_raster,0.1,10,Biological,0.5,2.0,25.677265103232408,0.37987494993320975,25.834776770759884,11.799448538004071
tv_l2,fixed_dwell,20.0,partial_raster,0.1,11,Fibres,0.5,2.0,22.80544370426623,0.55186617934901,22.70937851180635,7.208062464997056
tv_l2,fixed_dwell,20.0,partial_raster,0.1,8,Powder,0.5,2.0,16.66845554875075,0.20295504587898866,16.427228697506525,15.095824040996376
tv_l2,fixed_dwell,20.0,partial_raster,0.1,9,Tips,0.5,2.0,30.037945708795483,0.9016873716012644,29.923187662784038,14.436041178007144
tv_l2,fixed_dwell,20.0,partial_raster,0.1,14,Nanowires,0.5,2.0,13.069814209438853,0.13714255186041782,12.745595369131575,8.35583953600144
tv_l2,fixed_dwell,20.0,partial_raster,0.1,15,Particles,0.5,2.0,33.93546995786271,0.8403574442914618,35.78669430697837,8.72409465200326
tv_l2,fixed_dwell,20.0,partial_raster,0.1,16,Patterned_surface,0.5,2.0,19.412148142838937,0.34140481484708707,19.30160330399291,8.632550775000709
tv_l2,fixed_dwell,20.0,partial_raster,0.1,17,Porous_Sponge,0.5,2.0,13.146894340301326,0.20934130507982687,12.81480460299033,7.56896915899415
tv_l2,fixed_dwell,20.0,partial_raster,0.1,4,Nanowires,0.5,2.0,15.43507670830856,0.17154540821480307,15.124551548929384,15.45337538800959
tv_l2,fixed_dwell,20.0,partial_raster,0.1,5,Particles,0.5,2.0,17.10802111001151,0.2256324745962531,16.811700849092453,28.307551006000722
tv_l2,fixed_dwell,20.0,partial_raster,0.1,12,Films_Coated_Surface,0.5,2.0,25.05604631465966,0.3731421407819893,25.063399854696257,20.1919734730036
tv_l2,fixed_dwell,20.0,partial_raster,0.1,13,MEMS_devices_and_electrodes,0.5,2.0,24.45734373849352,0.32044944033131856,24.336186252335317,13.166474532001303
tv_l2,fixed_dwell,20.0,partial_raster,0.1,22,Films_Coated_Surface,0.5,2.0,12.772641428621307,0.17243701260731376,12.44075393014237,13.64039222401334
tv_l2,fixed_dwell,20.0,partial_raster,0.1,23,MEMS_devices_and_electrodes,0.5,2.0,23.981862439379725,0.3550884731055404,23.869088384527902,10.889613252991694
tv_l2,fixed_dwell,20.0,partial_raster,0.1,24,Nanowires,0.5,2.0,13.775243335161376,0.12458774438955188,13.484674415755551,14.077360630995827
tv_l2,fixed_dwell,20.0,partial_raster,0.1,25,Particles,0.5,2.0,31.0728072509148,0.6402425465715269,31.019377890042055,13.396809755009599
tv_l2,fixed_dwell,20.0,partial_raster,0.1,26,Patterned_surface,0.5,2.0,18.15888430214515,0.2329400592128271,17.997808991282696,11.89462136599468
tv_l2,fixed_dwell,20.0,partial_raster,0.1,27,Porous_Sponge,0.5,2.0,21.82806128951629,0.3089778532182791,21.980126121669798,10.441447835008148
tv_l2,fixed_dwell,20.0,partial_raster,0.1,18,Powder,0.5,2.0,18.04635929930048,0.27793357632783533,17.874017453868525,21.11556718099746
tv_l2,fixed_dwell,20.0,partial_raster,0.1,19,Tips,0.5,2.0,24.15528120007697,0.7309244632495626,24.13698173091425,26.526959095004713
tv_l2,fixed_dwell,20.0,partial_raster,0.1,20,Biological,0.5,2.0,21.090887128954577,0.4328538243849834,21.13284244515867,16.295277268000063
tv_l2,fixed_dwell,20.0,partial_raster,0.1,21,Fibres,0.5,2.0,19.822253334677555,0.3124778317408969,19.674024372446958,20.54194505000487
tv_l2,fixed_dwell,20.0,partial_raster,0.1,28,Powder,0.5,2.0,19.92937389521338,0.3515147631967935,19.76964038140655,10.997434275006526
tv_l2,fixed_dwell,20.0,partial_raster,0.1,29,Tips,0.5,2.0,33.0823034067539,0.9248858845818063,33.480195482991476,14.02641643799143
tv_l2,fixed_dwell,20.0,partial_raster,0.1,0,Biological,1.0,2.0,22.683394594534146,0.28233038099952923,22.682689026828356,10.167028987998492
tv_l2,fixed_dwell,20.0,partial_raster,0.1,1,Fibres,1.0,2.0,19.870075649030532,0.3099528027007344,19.725065448440247,13.020622691998142
tv_l2,fixed_dwell,20.0,partial_raster,0.1,2,Films_Coated_Surface,1.0,2.0,22.186453351254777,0.31086751875271856,22.171638608426406,9.725451652004267
tv_l2,fixed_dwell,20.0,partial_raster,0.1,3,MEMS_devices_and_electrodes,1.0,2.0,23.174035009713453,0.2701294049944757,23.037697264187806,23.603186459004064
tv_l2,fixed_dwell,20.0,partial_raster,0.1,4,Nanowires,1.0,2.0,15.43507670830856,0.17154540821480307,15.124551548929384,22.418653907006956
tv_l2,fixed_dwell,20.0,partial_raster,0.1,5,Particles,1.0,2.0,17.10802111001151,0.2256324745962531,16.811700849092453,12.209749891000683
tv_l2,fixed_dwell,20.0,partial_raster,0.1,6,Patterned_surface,1.0,2.0,21.709666183928245,0.3902813615977327,21.5581055141497,26.578862373993616
tv_l2,fixed_dwell,20.0,partial_raster,0.1,7,Porous_Sponge,1.0,2.0,21.04926495664678,0.33283122921646546,20.90053771745594,13.235371980001219
tv_l2,fixed_dwell,20.0,partial_raster,0.1,8,Powder,1.0,2.0,16.66845554875075,0.20295504587898866,16.427228697506525,7.993264352000551
tv_l2,fixed_dwell,20.0,partial_raster,0.1,9,Tips,1.0,2.0,30.037945708795483,0.9016873716012644,29.923187662784038,13.632523577995016
tv_l2,fixed_dwell,20.0,partial_raster,0.1,10,Biological,1.0,2.0,25.677265103232408,0.37987494993320975,25.834776770759884,7.433127250988036
tv_l2,fixed_dwell,20.0,partial_raster,0.1,11,Fibres,1.0,2.0,22.80544370426623,0.55186617934901,22.70937851180635,25.197345890002907
tv_l2,fixed_dwell,20.0,partial_raster,0.1,14,Nanowires,1.0,2.0,13.069814209438853,0.13714255186041782,12.745595369131575,11.984827138003311
tv_l2,fixed_dwell,20.0,partial_raster,0.1,15,Particles,1.0,2.0,33.93546995786271,0.8403574442914618,35.78669430697837,8.232309839004301
tv_l2,fixed_dwell,20.0,partial_raster,0.1,16,Patterned_surface,1.0,2.0,19.412148142838937,0.34140481484708707,19.30160330399291,11.585324566010968
tv_l2,fixed_dwell,20.0,partial_raster,0.1,17,Porous_Sponge,1.0,2.0,13.146894340301326,0.20934130507982687,12.81480460299033,15.370634309001616
tv_l2,fixed_dwell,20.0,partial_raster,0.1,12,Films_Coated_Surface,1.0,2.0,25.05604631465966,0.3731421407819893,25.063399854696257,10.540740137003013
tv_l2,fixed_dwell,20.0,partial_raster,0.1,13,MEMS_devices_and_electrodes,1.0,2.0,24.45734373849352,0.32044944033131856,24.336186252335317,32.559730555003625
tv_l2,fixed_dwell,20.0,partial_raster,0.1,18,Powder,1.0,2.0,18.04635929930048,0.27793357632783533,17.874017453868525,13.934982803999446
tv_l2,fixed_dwell,20.0,partial_raster,0.1,19,Tips,1.0,2.0,24.15528120007697,0.7309244632495626,24.13698173091425,16.031606242002454
tv_l2,fixed_dwell,20.0,partial_raster,0.1,20,Biological,1.0,2.0,21.090887128954577,0.4328538243849834,21.13284244515867,12.239002582005924
tv_l2,fixed_dwell,20.0,partial_raster,0.1,21,Fibres,1.0,2.0,19.822253334677555,0.3124778317408969,19.674024372446958,16.073319058996276
tv_l2,fixed_dwell,20.0,partial_raster,0.1,22,Films_Coated_Surface,1.0,2.0,12.772641428621307,0.17243701260731376,12.44075393014237,14.810198163002497
tv_l2,fixed_dwell,20.0,partial_raster,0.1,23,MEMS_devices_and_electrodes,1.0,2.0,23.981862439379725,0.3550884731055404,23.869088384527902,6.123441915988224
tv_l2,fixed_dwell,20.0,partial_raster,0.1,2,Films_Coated_Surface,2.0,2.0,22.186453351254777,0.31086751875271856,22.171638608426406,6.448839427001076
tv_l2,fixed_dwell,20.0,partial_raster,0.1,3,MEMS_devices_and_electrodes,2.0,2.0,23.174035009713453,0.2701294049944757,23.037697264187806,15.656699818006018
tv_l2,fixed_dwell,20.0,partial_raster,0.1,24,Nanowires,1.0,2.0,13.775243335161376,0.12458774438955188,13.484674415755551,16.098504154986585
tv_l2,fixed_dwell,20.0,partial_raster,0.1,25,Particles,1.0,2.0,31.0728072509148,0.6402425465715269,31.019377890042055,16.29233252799895
tv_l2,fixed_dwell,20.0,partial_raster,0.1,28,Powder,1.0,2.0,19.92937389521338,0.3515147631967935,19.76964038140655,14.205514571993263
tv_l2,fixed_dwell,20.0,partial_raster,0.1,29,Tips,1.0,2.0,33.0823034067539,0.9248858845818063,33.480195482991476,19.87012464000145
tv_l2,fixed_dwell,20.0,partial_raster,0.1,26,Patterned_surface,1.0,2.0,18.15888430214515,0.2329400592128271,17.997808991282696,21.900531374005368
tv_l2,fixed_dwell,20.0,partial_raster,0.1,27,Porous_Sponge,1.0,2.0,21.82806128951629,0.3089778532182791,21.980126121669798,15.629568225995172
tv_l2,fixed_dwell,20.0,partial_raster,0.1,0,Biological,2.0,2.0,22.683394594534146,0.28233038099952923,22.682689026828356,18.551845472000423
tv_l2,fixed_dwell,20.0,partial_raster,0.1,1,Fibres,2.0,2.0,19.870075649030532,0.3099528027007344,19.725065448440247,17.12906119300169
tv_l2,fixed_dwell,20.0,partial_raster,0.1,4,Nanowires,2.0,2.0,15.43507670830856,0.17154540821480307,15.124551548929384,11.784725035991869
tv_l2,fixed_dwell,20.0,partial_raster,0.1,5,Particles,2.0,2.0,17.10802111001151,0.2256324745962531,16.811700849092453,11.73521261800488
tv_l2,fixed_dwell,20.0,partial_raster,0.1,8,Powder,2.0,2.0,16.66845554875075,0.20295504587898866,16.427228697506525,10.690916620995267
tv_l2,fixed_dwell,20.0,partial_raster,0.1,9,Tips,2.0,2.0,30.037945708795483,0.9016873716012644,29.923187662784038,15.291941489995224
tv_l2,fixed_dwell,20.0,partial_raster,0.1,6,Patterned_surface,2.0,2.0,21.709666183928245,0.3902813615977327,21.5581055141497,18.627721853001276
tv_l2,fixed_dwell,20.0,partial_raster,0.1,7,Porous_Sponge,2.0,2.0,21.04926495664678,0.33283122921646546,20.90053771745594,11.648131807000027
tv_l2,fixed_dwell,20.0,partial_raster,0.1,10,Biological,2.0,2.0,25.677265103232408,0.37987494993320975,25.834776770759884,14.52209718200902
tv_l2,fixed_dwell,20.0,partial_raster,0.1,11,Fibres,2.0,2.0,22.80544370426623,0.55186617934901,22.70937851180635,16.16526174500177
tv_l2,fixed_dwell,20.0,partial_raster,0.1,12,Films_Coated_Surface,2.0,2.0,25.05604631465966,0.3731421407819893,25.063399854696257,14.792645182998967
tv_l2,fixed_dwell,20.0,partial_raster,0.1,13,MEMS_devices_and_electrodes,2.0,2.0,24.45734373849352,0.32044944033131856,24.336186252335317,13.663694197995937
tv_l2,fixed_dwell,20.0,partial_raster,0.1,14,Nanowires,2.0,2.0,13.069814209438853,0.13714255186041782,12.745595369131575,9.875726253012544
tv_l2,fixed_dwell,20.0,partial_raster,0.1,15,Particles,2.0,2.0,33.93546995786271,0.8403574442914618,35.78669430697837,16.03549540200038
tv_l2,fixed_dwell,20.0,partial_raster,0.1,16,Patterned_surface,2.0,2.0,19.412148142838937,0.34140481484708707,19.30160330399291,12.43495520700526
tv_l2,fixed_dwell,20.0,partial_raster,0.1,17,Porous_Sponge,2.0,2.0,13.146894340301326,0.20934130507982687,12.81480460299033,10.160390172008192
tv_l2,fixed_dwell,20.0,partial_raster,0.1,18,Powder,2.0,2.0,18.04635929930048,0.27793357632783533,17.874017453868525,10.87542427200242
tv_l2,fixed_dwell,20.0,partial_raster,0.1,19,Tips,2.0,2.0,24.15528120007697,0.7309244632495626,24.13698173091425,16.97053938099998
tv_l2,fixed_dwell,20.0,partial_raster,0.1,22,Films_Coated_Surface,2.0,2.0,12.772641428621307,0.17243701260731376,12.44075393014237,10.843315222999081
tv_l2,fixed_dwell,20.0,partial_raster,0.1,23,MEMS_devices_and_electrodes,2.0,2.0,23.981862439379725,0.3550884731055404,23.869088384527902,14.355020040005911
tv_l2,fixed_dwell,20.0,partial_raster,0.3,0,Biological,0.0,2.0,23.933140260795014,0.3255200926168917,23.807340827857715,5.248175369997625
tv_l2,fixed_dwell,20.0,partial_raster,0.3,1,Fibres,0.0,2.0,21.573541934130752,0.4138350247322598,21.24151223685317,4.606514352009981
tv_l2,fixed_dwell,20.0,partial_raster,0.1,24,Nanowires,2.0,2.0,13.775243335161376,0.12458774438955188,13.484674415755551,18.98642778499925
tv_l2,fixed_dwell,20.0,partial_raster,0.1,25,Particles,2.0,2.0,31.0728072509148,0.6402425465715269,31.019377890042055,7.896482939991984
tv_l2,fixed_dwell,20.0,partial_raster,0.1,28,Powder,2.0,2.0,19.92937389521338,0.3515147631967935,19.76964038140655,10.50669402499625
tv_l2,fixed_dwell,20.0,partial_raster,0.1,29,Tips,2.0,2.0,33.0823034067539,0.9248858845818063,33.480195482991476,7.918357982009184
tv_l2,fixed_dwell,20.0,partial_raster,0.1,20,Biological,2.0,2.0,21.090887128954577,0.4328538243849834,21.13284244515867,20.221257069992134
tv_l2,fixed_dwell,20.0,partial_raster,0.1,21,Fibres,2.0,2.0,19.822253334677555,0.3124778317408969,19.674024372446958,20.771111334994202
tv_l2,fixed_dwell,20.0,partial_raster,0.1,26,Patterned_surface,2.0,2.0,18.15888430214515,0.2329400592128271,17.997808991282696,12.636345424994943
tv_l2,fixed_dwell,20.0,partial_raster,0.1,27,Porous_Sponge,2.0,2.0,21.82806128951629,0.3089778532182791,21.980126121669798,23.449428045001696
tv_l2,fixed_dwell,20.0,partial_raster,0.3,2,Films_Coated_Surface,0.0,2.0,24.357812780402472,0.38612885117377527,24.25280224810058,8.62158813199494
tv_l2,fixed_dwell,20.0,partial_raster,0.3,3,MEMS_devices_and_electrodes,0.0,2.0,24.33980101989043,0.2763381413920878,24.179617275610337,11.102639454009477
tv_l2,fixed_dwell,20.0,partial_raster,0.3,4,Nanowires,0.0,2.0,17.607297215302594,0.35312176233109327,16.966571245092382,11.547790016004
tv_l2,fixed_dwell,20.0,partial_raster,0.3,5,Particles,0.0,2.0,18.100620320262117,0.3060355566289207,17.343290874725316,7.239844554991578
tv_l2,fixed_dwell,20.0,partial_raster,0.3,6,Patterned_surface,0.0,2.0,24.52256800021995,0.47613310987581825,24.28980771203402,11.054715944992495
tv_l2,fixed_dwell,20.0,partial_raster,0.3,7,Porous_Sponge,0.0,2.0,23.31764538481897,0.4218645084713132,23.048932123888505,9.51313182800368
tv_l2,fixed_dwell,20.0,partial_raster,0.3,8,Powder,0.0,2.0,18.721101511148216,0.307137241418419,18.291816112692498,9.009416397995665
tv_l2,fixed_dwell,20.0,partial_raster,0.3,9,Tips,0.0,2.0,32.675527395052136,0.9124614150023412,32.420782555814334,12.729375353010255
tv_l2,fixed_dwell,20.0,partial_raster,0.3,10,Biological,0.0,2.0,26.822795880056294,0.40141482324757777,26.76632199266487,7.724082262997399
tv_l2,fixed_dwell,20.0,partial_raster,0.3,11,Fibres,0.0,2.0,26.085321750185663,0.6504129536387337,25.81491369180034,10.712312051997287
tv_l2,fixed_dwell,20.0,partial_raster,0.3,12,Films_Coated_Surface,0.0,2.0,25.838087505253057,0.3941031219466831,25.761780929657547,3.0795379799965303
tv_l2,fixed_dwell,20.0,partial_raster,0.3,13,MEMS_devices_and_electrodes,0.0,2.0,25.330214577206625,0.32265155111311317,25.18484189210573,12.501822234000429
tv_l2,fixed_dwell,20.0,partial_raster,0.3,18,Powder,0.0,2.0,20.950461376522295,0.4423103803770655,20.640144469042085,7.208380254000076
tv_l2,fixed_dwell,20.0,partial_raster,0.3,19,Tips,0.0,2.0,26.299426719248938,0.7879011781201211,26.039245384850602,5.899270795998746
tv_l2,fixed_dwell,20.0,partial_raster,0.3,16,Patterned_surface,0.0,2.0,20.414323640335404,0.46412116350627336,19.94676912259949,6.8598963109980104
tv_l2,fixed_dwell,20.0,partial_raster,0.3,17,Porous_Sponge,0.0,2.0,16.565058747112133,0.44664819476741363,15.769619289168501,11.526364342993475
tv_l2,fixed_dwell,20.0,partial_raster,0.3,14,Nanowires,0.0,2.0,14.446894102465953,0.29919982952359475,13.734337709869633,7.9861143169982824
tv_l2,fixed_dwell,20.0,partial_raster,0.3,15,Particles,0.0,2.0,38.0513081322693,0.9114536601160774,38.651546119041996,9.275310192999314
tv_l2,fixed_dwell,20.0,partial_raster,0.3,20,Biological,0.0,2.0,24.761100208498735,0.5299681076341856,24.76404999233487,8.117079463001573
tv_l2,fixed_dwell,20.0,partial_raster,0.3,21,Fibres,0.0,2.0,21.667938494896347,0.4474284833167028,21.301862760057816,6.488157460000366
tv_l2,fixed_dwell,20.0,partial_raster,0.3,22,Films_Coated_Surface,0.0,2.0,14.857287979571378,0.40379145364683694,13.956395439884004,7.8438044840004295
tv_l2,fixed_dwell,20.0,partial_raster,0.3,23,MEMS_devices_and_electrodes,0.0,2.0,25.33540591152451,0.3658402018187226,25.170664684642503,7.105548727005953
tv_l2,fixed_dwell,20.0,partial_raster,0.3,26,Patterned_surface,0.0,2.0,19.36575551419094,0.3124691145318852,18.93264861784804,5.073501912993379
tv_l2,fixed_dwell,20.0,partial_raster,0.3,27,Porous_Sponge,0.0,2.0,24.022146140451973,0.36114125075307396,24.030432866007395,5.685779633990023
tv_l2,fixed_dwell,20.0,partial_raster,0.3,0,Biological,0.5,2.0,23.933140260795014,0.3255200926168917,23.807340827857715,6.915393091985607
tv_l2,fixed_dwell,20.0,partial_raster,0.3,1,Fibres,0.5,2.0,21.573541934130752,0.4138350247322598,21.24151223685317,7.544560853988514
tv_l2,fixed_dwell,20.0,partial_raster,0.3,24,Nanowires,0.0,2.0,14.339969689471205,0.23075058422767883,13.506407864239087,10.218812756997067
tv_l2,fixed_dwell,20.0,partial_raster,0.3,25,Particles,0.0,2.0,31.95837543920244,0.644292108947264,31.827105360179647,12.435005609004293
tv_l2,fixed_dwell,20.0,partial_raster,0.3,28,Powder,0.0,2.0,22.80908513712507,0.5069320865181052,22.517189715440395,6.8814981110044755
tv_l2,fixed_dwell,20.0,partial_raster,0.3,29,Tips,0.0,2.0,37.809425590492104,0.952716269053202,38.10169500796026,8.59696774398617
tv_l2,fixed_dwell,20.0,partial_raster,0.3,2,Films_Coated_Surface,0.5,2.0,24.357812780402472,0.38612885117377527,24.25280224810058,7.270517920987913
tv_l2,fixed_dwell,20.0,partial_raster,0.3,3,MEMS_devices_and_electrodes,0.5,2.0,24.33980101989043,0.2763381413920878,24.179617275610337,10.826914006000152
tv_l2,fixed_dwell,20.0,partial_raster,0.3,4,Nanowires,0.5,2.0,17.607297215302594,0.35312176233109327,16.966571245092382,11.80620883400843
tv_l2,fixed_dwell,20.0,partial_raster,0.3,5,Particles,0.5,2.0,18.100620320262117,0.3060355566289207,17.343290874725316,7.670420609996654
tv_l2,fixed_dwell,20.0,partial_raster,0.3,10,Biological,0.5,2.0,26.822795880056294,0.40141482324757777,26.76632199266487,7.013591505994555
tv_l2,fixed_dwell,20.0,partial_raster,0.3,11,Fibres,0.5,2.0,26.085321750185663,0.6504129536387337,25.81491369180034,8.806391664998955
tv_l2,fixed_dwell,20.0,partial_raster,0.3,6,Patterned_surface,0.5,2.0,24.52256800021995,0.47613310987581825,24.28980771203402,8.186597919993801
tv_l2,fixed_dwell,20.0,partial_raster,0.3,7,Porous_Sponge,0.5,2.0,23.31764538481897,0.4218645084713132,23.048932123888505,9.561353551005595
tv_l2,fixed_dwell,20.0,partial_raster,0.3,8,Powder,0.5,2.0,18.721101511148216,0.307137241418419,18.291816112692498,8.324043909000466
tv_l2,fixed_dwell,20.0,partial_raster,0.3,9,Tips,0.5,2.0,32.675527395052136,0.9124614150023412,32.420782555814334,8.801871836010832
tv_l2,fixed_dwell,20.0,partial_raster,0.3,14,Nanowires,0.5,2.0,14.446894102465953,0.29919982952359475,13.734337709869633,8.35121253100806
tv_l2,fixed_dwell,20.0,partial_raster,0.3,15,Particles,0.5,2.0,38.0513081322693,0.9114536601160774,38.651546119041996,7.975195109000197
tv_l2,fixed_dwell,20.0,partial_raster,0.3,12,Films_Coated_Surface,0.5,2.0,25.838087505253057,0.3941031219466831,25.761780929657547,9.759715574997244
tv_l2,fixed_dwell,20.0,partial_raster,0.3,13,MEMS_devices_and_electrodes,0.5,2.0,25.330214577206625,0.32265155111311317,25.18484189210573,11.527361914995709
tv_l2,fixed_dwell,20.0,partial_raster,0.3,18,Powder,0.5,2.0,20.950461376522295,0.4423103803770655,20.640144469042085,7.55591209299746
tv_l2,fixed_dwell,20.0,partial_raster,0.3,19,Tips,0.5,2.0,26.299426719248938,0.7879011781201211,26.039245384850602,5.405472051992547
tv_l2,fixed_dwell,20.0,partial_raster,0.3,16,Patterned_surface,0.5,2.0,20.414323640335404,0.46412116350627336,19.94676912259949,5.706957008995232
tv_l2,fixed_dwell,20.0,partial_raster,0.3,17,Porous_Sponge,0.5,2.0,16.565058747112133,0.44664819476741363,15.769619289168501,10.433780296996702
tv_l2,fixed_dwell,20.0,partial_raster,0.3,20,Biological,0.5,2.0,24.761100208498735,0.5299681076341856,24.76404999233487,10.536178335998557
tv_l2,fixed_dwell,20.0,partial_raster,0.3,21,Fibres,0.5,2.0,21.667938494896347,0.4474284833167028,21.301862760057816,8.049050811998313
tv_l2,fixed_dwell,20.0,partial_raster,0.3,26,Patterned_surface,0.5,2.0,19.36575551419094,0.3124691145318852,18.93264861784804,7.319597405992681
tv_l2,fixed_dwell,20.0,partial_raster,0.3,27,Porous_Sponge,0.5,2.0,24.022146140451973,0.36114125075307396,24.030432866007395,5.29112261600676
tv_l2,fixed_dwell,20.0,partial_raster,0.3,28,Powder,0.5,2.0,22.80908513712507,0.5069320865181052,22.517189715440395,6.913538515000255
tv_l2,fixed_dwell,20.0,partial_raster,0.3,29,Tips,0.5,2.0,37.809425590492104,0.952716269053202,38.10169500796026,4.851291218990809
tv_l2,fixed_dwell,20.0,partial_raster,0.3,2,Films_Coated_Surface,1.0,2.0,24.357812780402472,0.38612885117377527,24.25280224810058,2.485926006003865
tv_l2,fixed_dwell,20.0,partial_raster,0.3,3,MEMS_devices_and_electrodes,1.0,2.0,24.33980101989043,0.2763381413920878,24.179617275610337,6.622298211004818
tv_l2,fixed_dwell,20.0,partial_raster,0.3,22,Films_Coated_Surface,0.5,2.0,14.857287979571378,0.40379145364683694,13.956395439884004,6.995705057997839
tv_l2,fixed_dwell,20.0,partial_raster,0.3,23,MEMS_devices_and_electrodes,0.5,2.0,25.33540591152451,0.3658402018187226,25.170664684642503,13.930657475008047
tv_l2,fixed_dwell,20.0,partial_raster,0.3,0,Biological,1.0,2.0,23.933140260795014,0.3255200926168917,23.807340827857715,10.52840771600313
tv_l2,fixed_dwell,20.0,partial_raster,0.3,1,Fibres,1.0,2.0,21.573541934130752,0.4138350247322598,21.24151223685317,4.1427927689946955
tv_l2,fixed_dwell,20.0,partial_raster,0.3,24,Nanowires,0.5,2.0,14.339969689471205,0.23075058422767883,13.506407864239087,10.401602969999658
tv_l2,fixed_dwell,20.0,partial_raster,0.3,25,Particles,0.5,2.0,31.95837543920244,0.644292108947264,31.827105360179647,23.679888662998565
tv_l2,fixed_dwell,20.0,partial_raster,0.3,4,Nanowires,1.0,2.0,17.607297215302594,0.35312176233109327,16.966571245092382,12.196716514008585
tv_l2,fixed_dwell,20.0,partial_raster,0.3,5,Particles,1.0,2.0,18.100620320262117,0.3060355566289207,17.343290874725316,6.807382309998502
tv_l2,fixed_dwell,20.0,partial_raster,0.3,10,Biological,1.0,2.0,26.822795880056294,0.40141482324757777,26.76632199266487,5.8224262980074855
tv_l2,fixed_dwell,20.0,partial_raster,0.3,11,Fibres,1.0,2.0,26.085321750185663,0.6504129536387337,25.81491369180034,8.516111312012072
tv_l2,fixed_dwell,20.0,partial_raster,0.3,6,Patterned_surface,1.0,2.0,24.52256800021995,0.47613310987581825,24.28980771203402,6.7954943439981434
tv_l2,fixed_dwell,20.0,partial_raster,0.3,7,Porous_Sponge,1.0,2.0,23.31764538481897,0.4218645084713132,23.048932123888505,9.139998835991719
tv_l2,fixed_dwell,20.0,partial_raster,0.3,8,Powder,1.0,2.0,18.721101511148216,0.307137241418419,18.291816112692498,11.559506307996344
tv_l2,fixed_dwell,20.0,partial_raster,0.3,9,Tips,1.0,2.0,32.675527395052136,0.9124614150023412,32.420782555814334,8.797161544003757
tv_l2,fixed_dwell,20.0,partial_raster,0.3,14,Nanowires,1.0,2.0,14.446894102465953,0.29919982952359475,13.734337709869633,8.27072346600471
tv_l2,fixed_dwell,20.0,partial_raster,0.3,15,Particles,1.0,2.0,38.0513081322693,0.9114536601160774,38.651546119041996,7.650235514011001
tv_l2,fixed_dwell,20.0,partial_raster,0.3,18,Powder,1.0,2.0,20.950461376522295,0.4423103803770655,20.640144469042085,7.434161748999031
tv_l2,fixed_dwell,20.0,partial_raster,0.3,19,Tips,1.0,2.0,26.299426719248938,0.7879011781201211,26.039245384850602,6.948039854993112
tv_l2,fixed_dwell,20.0,partial_raster,0.3,12,Films_Coated_Surface,1.0,2.0,25.838087505253057,0.3941031219466831,25.761780929657547,9.452903730998514
tv_l2,fixed_dwell,20.0,partial_raster,0.3,13,MEMS_devices_and_electrodes,1.0,2.0,25.330214577206625,0.32265155111311317,25.18484189210573,11.213904012998682
tv_l2,fixed_dwell,20.0,partial_raster,0.3,16,Patterned_surface,1.0,2.0,20.414323640335404,0.46412116350627336,19.94676912259949,6.348862545986776
tv_l2,fixed_dwell,20.0,partial_raster,0.3,17,Porous_Sponge,1.0,2.0,16.565058747112133,0.44664819476741363,15.769619289168501,11.86989784600155
tv_l2,fixed_dwell,20.0,partial_raster,0.3,20,Biological,1.0,2.0,24.761100208498735,0.5299681076341856,24.76404999233487,6.791207749003661
tv_l2,fixed_dwell,20.0,partial_raster,0.3,21,Fibres,1.0,2.0,21.667938494896347,0.4474284833167028,21.301862760057816,7.046902472997317
tv_l2,fixed_dwell,20.0,partial_raster,0.3,26,Patterned_surface,1.0,2.0,19.36575551419094,0.3124691145318852,18.93264861784804,6.953273884006194
tv_l2,fixed_dwell,20.0,partial_raster,0.3,27,Porous_Sponge,1.0,2.0,24.022146140451973,0.36114125075307396,24.030432866007395,7.766826763996505
tv_l2,fixed_dwell,20.0,partial_raster,0.3,22,Films_Coated_Surface,1.0,2.0,14.857287979571378,0.40379145364683694,13.956395439884004,9.209283427000628
tv_l2,fixed_dwell,20.0,partial_raster,0.3,23,MEMS_devices_and_electrodes,1.0,2.0,25.33540591152451,0.3658402018187226,25.170664684642503,9.471558575998642
tv_l2,fixed_dwell,20.0,partial_raster,0.3,0,Biological,2.0,2.0,23.933140260795014,0.3255200926168917,23.807340827857715,8.235561378998682
tv_l2,fixed_dwell,20.0,partial_raster,0.3,1,Fibres,2.0,2.0,21.573541934130752,0.4138350247322598,21.24151223685317,8.002724877005676
tv_l2,fixed_dwell,20.0,partial_raster,0.3,24,Nanowires,1.0,2.0,14.339969689471205,0.23075058422767883,13.506407864239087,7.195177315006731
tv_l2,fixed_dwell,20.0,partial_raster,0.3,25,Particles,1.0,2.0,31.95837543920244,0.644292108947264,31.827105360179647,14.204723779010237
tv_l2,fixed_dwell,20.0,partial_raster,0.3,28,Powder,1.0,2.0,22.80908513712507,0.5069320865181052,22.517189715440395,8.457562456998858
tv_l2,fixed_dwell,20.0,partial_raster,0.3,29,Tips,1.0,2.0,37.809425590492104,0.952716269053202,38.10169500796026,10.082650322001427
tv_l2,fixed_dwell,20.0,partial_raster,0.3,2,Films_Coated_Surface,2.0,2.0,24.357812780402472,0.38612885117377527,24.25280224810058,7.350580525002442
tv_l2,fixed_dwell,20.0,partial_raster,0.3,3,MEMS_devices_and_electrodes,2.0,2.0,24.33980101989043,0.2763381413920878,24.179617275610337,9.903057262010407
tv_l2,fixed_dwell,20.0,partial_raster,0.3,4,Nanowires,2.0,2.0,17.607297215302594,0.35312176233109327,16.966571245092382,11.16940989298746
tv_l2,fixed_dwell,20.0,partial_raster,0.3,5,Particles,2.0,2.0,18.100620320262117,0.3060355566289207,17.343290874725316,7.683543068997096
tv_l2,fixed_dwell,20.0,partial_raster,0.3,6,Patterned_surface,2.0,2.0,24.52256800021995,0.47613310987581825,24.28980771203402,8.58247215001029
tv_l2,fixed_dwell,20.0,partial_raster,0.3,7,Porous_Sponge,2.0,2.0,23.31764538481897,0.4218645084713132,23.048932123888505,8.695634260991937
tv_l2,fixed_dwell,20.0,partial_raster,0.3,10,Biological,2.0,2.0,26.822795880056294,0.40141482324757777,26.76632199266487,7.544202000994119
tv_l2,fixed_dwell,20.0,partial_raster,0.3,11,Fibres,2.0,2.0,26.085321750185663,0.6504129536387337,25.81491369180034,8.604216208987054
tv_l2,fixed_dwell,20.0,partial_raster,0.3,8,Powder,2.0,2.0,18.721101511148216,0.307137241418419,18.291816112692498,8.790762548000203
tv_l2,fixed_dwell,20.0,partial_raster,0.3,9,Tips,2.0,2.0,32.675527395052136,0.9124614150023412,32.420782555814334,8.501545192004414
tv_l2,fixed_dwell,20.0,partial_raster,0.3,14,Nanowires,2.0,2.0,14.446894102465953,0.29919982952359475,13.734337709869633,7.827687438999419
tv_l2,fixed_dwell,20.0,partial_raster,0.3,15,Particles,2.0,2.0,38.0513081322693,0.9114536601160774,38.651546119041996,8.405816562997643
tv_l2,fixed_dwell,20.0,partial_raster,0.3,18,Powder,2.0,2.0,20.950461376522295,0.4423103803770655,20.640144469042085,6.635006607990363
tv_l2,fixed_dwell,20.0,partial_raster,0.3,19,Tips,2.0,2.0,26.299426719248938,0.7879011781201211,26.039245384850602,6.650723134007421
tv_l2,fixed_dwell,20.0,partial_raster,0.3,12,Films_Coated_Surface,2.0,2.0,25.838087505253057,0.3941031219466831,25.761780929657547,9.141243171994574
tv_l2,fixed_dwell,20.0,partial_raster,0.3,13,MEMS_devices_and_electrodes,2.0,2.0,25.330214577206625,0.32265155111311317,25.18484189210573,11.291678427995066
tv_l2,fixed_dwell,20.0,partial_raster,0.3,20,Biological,2.0,2.0,24.761100208498735,0.5299681076341856,24.76404999233487,6.753225912005291
tv_l2,fixed_dwell,20.0,partial_raster,0.3,21,Fibres,2.0,2.0,21.667938494896347,0.4474284833167028,21.301862760057816,7.735240552996402
tv_l2,fixed_dwell,20.0,partial_raster,0.3,16,Patterned_surface,2.0,2.0,20.414323640335404,0.46412116350627336,19.94676912259949,5.8691978129936615
tv_l2,fixed_dwell,20.0,partial_raster,0.3,17,Porous_Sponge,2.0,2.0,16.565058747112133,0.44664819476741363,15.769619289168501,12.462070510009653
tv_l2,fixed_dwell,20.0,partial_raster,0.3,26,Patterned_surface,2.0,2.0,19.36575551419094,0.3124691145318852,18.93264861784804,6.434563246002654
tv_l2,fixed_dwell,20.0,partial_raster,0.3,27,Porous_Sponge,2.0,2.0,24.022146140451973,0.36114125075307396,24.030432866007395,4.557637935999082
tv_l2,fixed_dwell,20.0,partial_raster,0.3,28,Powder,2.0,2.0,22.80908513712507,0.5069320865181052,22.517189715440395,8.048849543003598
tv_l2,fixed_dwell,20.0,partial_raster,0.3,29,Tips,2.0,2.0,37.809425590492104,0.952716269053202,38.10169500796026,8.006328162999125
tv_l2,fixed_dwell,20.0,partial_raster,0.3,24,Nanowires,2.0,2.0,14.339969689471205,0.23075058422767883,13.506407864239087,7.656705432003946
tv_l2,fixed_dwell,20.0,partial_raster,0.3,25,Particles,2.0,2.0,31.95837543920244,0.644292108947264,31.827105360179647,12.666428786993492
tv_l2,fixed_dwell,20.0,partial_raster,0.3,22,Films_Coated_Surface,2.0,2.0,14.857287979571378,0.40379145364683694,13.956395439884004,9.18514291800966
tv_l2,fixed_dwell,20.0,partial_raster,0.3,23,MEMS_devices_and_electrodes,2.0,2.0,25.33540591152451,0.3658402018187226,25.170664684642503,15.28643571100838
tv_l2,fixed_dwell,20.0,line_hop,0.1,0,Biological,0.0,2.0,22.602638919855757,0.28289994971173316,22.60073684628965,14.990257768004085
tv_l2,fixed_dwell,20.0,line_hop,0.1,1,Fibres,0.0,2.0,19.70797339712841,0.3106881611701869,19.533028781034766,9.84874486499757
tv_l2,fixed_dwell,20.0,line_hop,0.1,2,Films_Coated_Surface,0.0,2.0,22.016618565217506,0.3096789457690394,21.96738511325945,16.206062534998637
tv_l2,fixed_dwell,20.0,line_hop,0.1,3,MEMS_devices_and_electrodes,0.0,2.0,22.62034848927086,0.2657720555663201,22.42864104928252,15.970933280012105
tv_l2,fixed_dwell,20.0,line_hop,0.1,4,Nanowires,0.0,2.0,15.297040016489948,0.17685668741400243,14.964809581718034,14.867649612002424
tv_l2,fixed_dwell,20.0,line_hop,0.1,5,Particles,0.0,2.0,17.113161350105987,0.22618708375075394,16.81351759732399,19.00264190499729
tv_l2,fixed_dwell,20.0,line_hop,0.1,6,Patterned_surface,0.0,2.0,21.642034228579572,0.3956414120587216,21.48553536430253,14.02794530299434
tv_l2,fixed_dwell,20.0,line_hop,0.1,7,Porous_Sponge,0.0,2.0,20.74943554146307,0.3278239813587355,20.58583367382201,16.855071804006002
tv_l2,fixed_dwell,20.0,line_hop,0.1,8,Powder,0.0,2.0,16.249634452426307,0.1985786658835215,15.984989482851592,16.254635107994545
tv_l2,fixed_dwell,20.0,line_hop,0.1,9,Tips,0.0,2.0,28.76955043285951,0.8976384106336883,28.587271048504824,11.682662977997097
tv_l2,fixed_dwell,20.0,line_hop,0.1,10,Biological,0.0,2.0,25.792452132688176,0.3828267490290713,25.966180887241663,16.390451657003723
tv_l2,fixed_dwell,20.0,line_hop,0.1,11,Fibres,0.0,2.0,22.46958471773231,0.5451029038887829,22.337753460762755,13.126169147988549
tv_l2,fixed_dwell,20.0,line_hop,0.1,12,Films_Coated_Surface,0.0,2.0,25.050348267253444,0.3776281226117516,25.044338728046057,11.558583660997101
tv_l2,fixed_dwell,20.0,line_hop,0.1,13,MEMS_devices_and_electrodes,0.0,2.0,24.41115953433597,0.31872422737856854,24.273614207540724,13.263253840996185
tv_l2,fixed_dwell,20.0,line_hop,0.1,14,Nanowires,0.0,2.0,13.021231235330387,0.1448956439204694,12.688581910443164,12.805396498006303
tv_l2,fixed_dwell,20.0,line_hop,0.1,15,Particles,0.0,2.0,33.48528726968646,0.8390901251626965,35.14994918078785,13.18331348200445
tv_l2,fixed_dwell,20.0,line_hop,0.1,16,Patterned_surface,0.0,2.0,19.574071521830078,0.35038727058519753,19.49171364679175,13.095760624011746
tv_l2,fixed_dwell,20.0,line_hop,0.1,17,Porous_Sponge,0.0,2.0,12.836430707033916,0.2021804548153196,12.4925277727653,12.968281901994487
tv_l2,fixed_dwell,20.0,line_hop,0.1,18,Powder,0.0,2.0,17.696595271250068,0.2750145120381932,17.491062249632087,13.098902437996003
tv_l2,fixed_dwell,20.0,line_hop,0.1,19,Tips,0.0,2.0,24.04895448132106,0.7306893853106026,24.03323723287473,12.93086549299187
tv_l2,fixed_dwell,20.0,line_hop,0.1,20,Biological,0.0,2.0,20.63731184176654,0.42612974779194995,20.63082551645872,13.107068644007086
tv_l2,fixed_dwell,20.0,line_hop,0.1,21,Fibres,0.0,2.0,19.738443020101005,0.3189628264653565,19.591757720542443,12.371332397000515
tv_l2,fixed_dwell,20.0,line_hop,0.1,22,Films_Coated_Surface,0.0,2.0,12.817165509400745,0.18053610934819114,12.482382808552142,13.266809285007184
tv_l2,fixed_dwell,20.0,line_hop,0.1,23,MEMS_devices_and_electrodes,0.0,2.0,23.670391511155138,0.3519822842930063,23.524608557448545,12.94546882600116
tv_l2,fixed_dwell,20.0,line_hop,0.1,24,Nanowires,0.0,2.0,13.819226004098189,0.12718808078583707,13.5300831306716,12.969949470003485
tv_l2,fixed_dwell,20.0,line_hop,0.1,25,Particles,0.0,2.0,30.61491995468222,0.6401709926719071,30.523065048514056,12.703228400001535
tv_l2,fixed_dwell,20.0,line_hop,0.1,28,Powder,0.0,2.0,19.43557717050815,0.3530499739188847,19.231292366119387,12.824140743992757
tv_l2,fixed_dwell,20.0,line_hop,0.1,29,Tips,0.0,2.0,32.901648471736095,0.9178796222862073,33.33766529591153,11.196684179987642
tv_l2,fixed_dwell,20.0,line_hop,0.1,26,Patterned_surface,0.0,2.0,18.04581233745472,0.23228424667436767,17.887313745027324,12.779321595997317
tv_l2,fixed_dwell,20.0,line_hop,0.1,27,Porous_Sponge,0.0,2.0,20.920711795497688,0.2974072287100238,20.962001432064238,12.037460919003934
tv_l2,fixed_dwell,20.0,line_hop,0.1,0,Biological,0.5,2.0,22.59761206243585,0.2822081858792026,22.601532719106842,13.238771573000122
tv_l2,fixed_dwell,20.0,line_hop,0.1,1,Fibres,0.5,2.0,19.716724431388727,0.3084874460775113,19.540437869226594,11.515571687996271
tv_l2,fixed_dwell,20.0,line_hop,0.1,2,Films_Coated_Surface,0.5,2.0,22.027920647319785,0.30942621571895995,21.986646394988778,15.559983874001773
tv_l2,fixed_dwell,20.0,line_hop,0.1,3,MEMS_devices_and_electrodes,0.5,2.0,22.72183572982086,0.26565347722573995,22.539405409963255,12.704550662005204
tv_l2,fixed_dwell,20.0,line_hop,0.1,4,Nanowires,0.5,2.0,15.265648181938246,0.17566478065757332,14.935904232679146,13.209228304011049
tv_l2,fixed_dwell,20.0,line_hop,0.1,5,Particles,0.5,2.0,17.1195121852919,0.22372976778322967,16.825750063977377,13.328796804999001
tv_l2,fixed_dwell,20.0,line_hop,0.1,6,Patterned_surface,0.5,2.0,21.588121340665758,0.39505013350416296,21.437815731828998,13.155617637006799
tv_l2,fixed_dwell,20.0,line_hop,0.1,7,Porous_Sponge,0.5,2.0,20.75727478437241,0.32730940576078743,20.59418421208584,12.911721880009281
tv_l2,fixed_dwell,20.0,line_hop,0.1,8,Powder,0.5,2.0,16.25290274290609,0.1970243026487747,15.992783908646624,13.073331722000148
tv_l2,fixed_dwell,20.0,line_hop,0.1,9,Tips,0.5,2.0,28.716643452843794,0.897081052941107,28.534139116092824,12.825854335009353
tv_l2,fixed_dwell,20.0,line_hop,0.1,10,Biological,0.5,2.0,25.856327456561058,0.38241638361276303,26.029246114189753,12.986663267001859
tv_l2,fixed_dwell,20.0,line_hop,0.1,11,Fibres,0.5,2.0,22.371114811501634,0.5436333857555385,22.231212915872938,11.793784184003016
tv_l2,fixed_dwell,20.0,line_hop,0.1,12,Films_Coated_Surface,0.5,2.0,25.05776000479941,0.37610176617187957,25.05176627202244,12.18034739200084
tv_l2,fixed_dwell,20.0,line_hop,0.1,13,MEMS_devices_and_electrodes,0.5,2.0,24.438474449544522,0.31865067282077075,24.305552553478414,13.347331833007047
tv_l2,fixed_dwell,20.0,line_hop,0.1,14,Nanowires,0.5,2.0,13.038337101052687,0.142011190945897,12.713422298152201,11.636459818008007
tv_l2,fixed_dwell,20.0,line_hop,0.1,15,Particles,0.5,2.0,33.2593632265985,0.8370886645540145,34.83142908077885,12.29602555600286
tv_l2,fixed_dwell,20.0,line_hop,0.1,16,Patterned_surface,0.5,2.0,19.59706443628071,0.35082738923297707,19.52514131863897,11.671996566001326
tv_l2,fixed_dwell,20.0,line_hop,0.1,17,Porous_Sponge,0.5,2.0,12.814717225634286,0.2010178661150095,12.473244580775864,12.815190958004678
tv_l2,fixed_dwell,20.0,line_hop,0.1,18,Powder,0.5,2.0,17.682790235353735,0.2727836232208273,17.476681685767087,12.585417533002328
tv_l2,fixed_dwell,20.0,line_hop,0.1,19,Tips,0.5,2.0,23.891002023176743,0.728077595561997,23.87141655633148,12.563585591997253
tv_l2,fixed_dwell,20.0,line_hop,0.1,20,Biological,0.5,2.0,20.5853569390094,0.4233058369132295,20.580155004900536,12.86405679199379
tv_l2,fixed_dwell,20.0,line_hop,0.1,21,Fibres,0.5,2.0,19.770819572154497,0.32067305505439747,19.628187382324807,13.315494768001372
tv_l2,fixed_dwell,20.0,line_hop,0.1,22,Films_Coated_Surface,0.5,2.0,12.817012040982533,0.17793853299508627,12.484374011440176,13.540808031000779
tv_l2,fixed_dwell,20.0,line_hop,0.1,23,MEMS_devices_and_electrodes,0.5,2.0,23.622076591933663,0.3510778404258847,23.473684424921395,11.761208311989321
tv_l2,fixed_dwell,20.0,line_hop,0.1,26,Patterned_surface,0.5,2.0,18.08073665740222,0.23328204075843761,17.92262990107896,12.988755422993563
tv_l2,fixed_dwell,20.0,line_hop,0.1,27,Porous_Sponge,0.5,2.0,20.797086273487725,0.29659085563053084,20.831720161456857,10.228527408995433
tv_l2,fixed_dwell,20.0,line_hop,0.1,28,Powder,0.5,2.0,19.37700327931523,0.3531410435998356,19.16740330414164,12.642216230000486
tv_l2,fixed_dwell,20.0,line_hop,0.1,29,Tips,0.5,2.0,32.98527994014141,0.9178003854326362,33.434856642184265,10.497461584003759
tv_l2,fixed_dwell,20.0,line_hop,0.1,24,Nanowires,0.5,2.0,13.83982766283463,0.12623804546747222,13.557653653462802,15.541161528992234
tv_l2,fixed_dwell,20.0,line_hop,0.1,25,Particles,0.5,2.0,30.78070107134642,0.6406636749606809,30.700390692509085,15.197478668997064
tv_l2,fixed_dwell,20.0,line_hop,0.1,0,Biological,1.0,2.0,22.605640835352983,0.28205058415900275,22.612714626408128,21.238768643001094
tv_l2,fixed_dwell,20.0,line_hop,0.1,1,Fibres,1.0,2.0,19.68734691683039,0.30694329448125013,19.517080967783084,12.303150489999098
tv_l2,fixed_dwell,20.0,line_hop,0.1,2,Films_Coated_Surface,1.0,2.0,22.02532203932764,0.30872439302282156,21.989704324032793,12.514712953998242
tv_l2,fixed_dwell,20.0,line_hop,0.1,3,MEMS_devices_and_electrodes,1.0,2.0,22.629997635677995,0.26405189785085703,22.447402739164808,9.785881635005353
tv_l2,fixed_dwell,20.0,line_hop,0.1,6,Patterned_surface,1.0,2.0,21.629223510015017,0.39421813186882165,21.482304574294957,12.579883155995049
tv_l2,fixed_dwell,20.0,line_hop,0.1,7,Porous_Sponge,1.0,2.0,20.834743645193193,0.32706777788293606,20.675208204043276,6.679349388999981
tv_l2,fixed_dwell,20.0,line_hop,0.1,4,Nanowires,1.0,2.0,15.292253613058604,0.17467162569303965,14.964479249553445,17.265621266007656
tv_l2,fixed_dwell,20.0,line_hop,0.1,5,Particles,1.0,2.0,17.123227513807848,0.22264630605912,16.84194884617324,6.506045379996067
tv_l2,fixed_dwell,20.0,line_hop,0.1,8,Powder,1.0,2.0,16.187126919782294,0.19526419637443693,15.9318225937376,19.49811724400206
tv_l2,fixed_dwell,20.0,line_hop,0.1,9,Tips,1.0,2.0,29.238309684673517,0.8981960147131761,29.077823725490035,14.036756154993782
tv_l2,fixed_dwell,20.0,line_hop,0.1,12,Films_Coated_Surface,1.0,2.0,25.05205590984556,0.3761062496720054,25.053882132202347,14.094895821006503
tv_l2,fixed_dwell,20.0,line_hop,0.1,13,MEMS_devices_and_electrodes,1.0,2.0,24.44254425569695,0.3187206457920442,24.317755652295713,13.45014399298816
tv_l2,fixed_dwell,20.0,line_hop,0.1,10,Biological,1.0,2.0,25.78654418042384,0.379410837204085,25.982711059518287,14.474398506004945
tv_l2,fixed_dwell,20.0,line_hop,0.1,11,Fibres,1.0,2.0,22.3358550135907,0.542242044800308,22.204875513075816,13.631043155008228
tv_l2,fixed_dwell,20.0,line_hop,0.1,16,Patterned_surface,1.0,2.0,19.551288157848504,0.34911802663059993,19.48179909219578,13.852627524000127
tv_l2,fixed_dwell,20.0,line_hop,0.1,17,Porous_Sponge,1.0,2.0,12.833544402157862,0.2008917566998661,12.496662866924149,13.314489529002458
tv_l2,fixed_dwell,20.0,line_hop,0.1,14,Nanowires,1.0,2.0,13.037726497795054,0.14072759915846167,12.718982990988046,14.637831133994041
tv_l2,fixed_dwell,20.0,line_hop,0.1,15,Particles,1.0,2.0,33.21574510879326,0.837653681659409,34.751914386128604,13.61698404001072
tv_l2,fixed_dwell,20.0,line_hop,0.1,18,Powder,1.0,2.0,17.730009050859444,0.27260312816303117,17.525800152152165,13.623456348010222
tv_l2,fixed_dwell,20.0,line_hop,0.1,19,Tips,1.0,2.0,23.8352073339137,0.7268221923053583,23.819563105487983,10.741027660988038
tv_l2,fixed_dwell,20.0,line_hop,0.1,20,Biological,1.0,2.0,20.615871285484847,0.42374469471088666,20.606818795098818,11.309094711992657
tv_l2,fixed_dwell,20.0,line_hop,0.1,21,Fibres,1.0,2.0,19.750067008539883,0.3180788816809499,19.603402251418103,10.92114853199746
tv_l2,fixed_dwell,20.0,line_hop,0.1,22,Films_Coated_Surface,1.0,2.0,12.79085749508097,0.17645412505646063,12.465012933766664,11.46295284498774
tv_l2,fixed_dwell,20.0,line_hop,0.1,23,MEMS_devices_and_electrodes,1.0,2.0,23.471347839377216,0.34984756024091823,23.32246988702987,10.94695142499404
tv_l2,fixed_dwell,20.0,line_hop,0.1,26,Patterned_surface,1.0,2.0,18.09885549408634,0.23137019242494444,17.948586987927026,12.068811254008324
tv_l2,fixed_dwell,20.0,line_hop,0.1,27,Porous_Sponge,1.0,2.0,20.771468919505534,0.2940246676959406,20.813352629977334,11.372721767998883
tv_l2,fixed_dwell,20.0,line_hop,0.1,2,Films_Coated_Surface,2.0,2.0,22.038087166351097,0.30745769140474927,22.002874119424312,6.506148826010758
tv_l2,fixed_dwell,20.0,line_hop,0.1,3,MEMS_devices_and_electrodes,2.0,2.0,22.691607178147542,0.26319951580653717,22.516685680980476,12.003766374997213
tv_l2,fixed_dwell,20.0,line_hop,0.1,0,Biological,2.0,2.0,22.62446888817236,0.27906169657432434,22.647063870813206,6.945735772998887
tv_l2,fixed_dwell,20.0,line_hop,0.1,1,Fibres,2.0,2.0,19.689742286682,0.3048727870752951,19.526759268050476,12.671202487996197
tv_l2,fixed_dwell,20.0,line_hop,0.1,28,Powder,1.0,2.0,19.367645954535575,0.35363916213744273,19.161861669005585,15.950586367005599
tv_l2,fixed_dwell,20.0,line_hop,0.1,29,Tips,1.0,2.0,32.583580759711154,0.9166839545242752,32.92565513773488,11.97796565698809
tv_l2,fixed_dwell,20.0,line_hop,0.1,24,Nanowires,1.0,2.0,13.799671630286898,0.12545383811718402,13.521627458399442,37.729255607002415
tv_l2,fixed_dwell,20.0,line_hop,0.1,25,Particles,1.0,2.0,30.40655322828006,0.6400032508195491,30.30312566621692,15.601787890991545
tv_l2,fixed_dwell,20.0,line_hop,0.1,4,Nanowires,2.0,2.0,15.298681571371747,0.17265841962601697,14.980231599761833,15.485416404990247
tv_l2,fixed_dwell,20.0,line_hop,0.1,5,Particles,2.0,2.0,17.104150405484482,0.21985429729929604,16.84071814884135,13.407463271010784
tv_l2,fixed_dwell,20.0,line_hop,0.1,6,Patterned_surface,2.0,2.0,21.632644361160555,0.3945356744093063,21.49176034055806,13.577336914997431
tv_l2,fixed_dwell,20.0,line_hop,0.1,7,Porous_Sponge,2.0,2.0,20.751603353731902,0.32520916745468353,20.59672335897018,13.569903620998957
tv_l2,fixed_dwell,20.0,line_hop,0.1,10,Biological,2.0,2.0,25.762518481071538,0.38013184795275584,25.95373358088654,13.159499703004258
tv_l2,fixed_dwell,20.0,line_hop,0.1,11,Fibres,2.0,2.0,22.426963824526158,0.5435122219771614,22.296224005487954,13.620380342996214
tv_l2,fixed_dwell,20.0,line_hop,0.1,8,Powder,2.0,2.0,16.203345726351117,0.1927735321753234,15.956587282660887,13.786234165003407
tv_l2,fixed_dwell,20.0,line_hop,0.1,9,Tips,2.0,2.0,28.90314919846241,0.8968857534391642,28.748209130342484,13.629673403003835
tv_l2,fixed_dwell,20.0,line_hop,0.1,12,Films_Coated_Surface,2.0,2.0,25.05022705052102,0.37469355886978317,25.055676062798486,13.264503397003864
tv_l2,fixed_dwell,20.0,line_hop,0.1,13,MEMS_devices_and_electrodes,2.0,2.0,24.42778116229625,0.31671976296492793,24.309804181785157,8.466582287001074
tv_l2,fixed_dwell,20.0,line_hop,0.1,14,Nanowires,2.0,2.0,13.0032733188842,0.1373417117445465,12.69492505792784,11.895727301001898
tv_l2,fixed_dwell,20.0,line_hop,0.1,15,Particles,2.0,2.0,33.5874970441643,0.8371755211870059,35.392442124014416,9.660197231001803
tv_l2,fixed_dwell,20.0,line_hop,0.1,16,Patterned_surface,2.0,2.0,19.536518025232567,0.34924220490623503,19.46640757653443,9.79333711299114
tv_l2,fixed_dwell,20.0,line_hop,0.1,17,Porous_Sponge,2.0,2.0,12.779548012551267,0.19544595189322012,12.45323580787831,10.490834931013524
tv_l2,fixed_dwell,20.0,line_hop,0.1,22,Films_Coated_Surface,2.0,2.0,12.792765023387725,0.17284226534982433,12.480137462554424,9.654406519010081
tv_l2,fixed_dwell,20.0,line_hop,0.1,23,MEMS_devices_and_electrodes,2.0,2.0,23.542346198718924,0.34993790810353864,23.403871578092353,11.60330946999602
tv_l2,fixed_dwell,20.0,line_hop,0.1,24,Nanowires,2.0,2.0,13.751336856034245,0.12032254238760627,13.487475706516253,8.760732835988165
tv_l2,fixed_dwell,20.0,line_hop,0.1,25,Particles,2.0,2.0,30.305308429687766,0.6395476151902333,30.20019552037696,13.87014438699407
tv_l2,fixed_dwell,20.0,line_hop,0.1,18,Powder,2.0,2.0,17.716839030975795,0.27264255461890524,17.518011227002308,23.379079801001353
tv_l2,fixed_dwell,20.0,line_hop,0.1,19,Tips,2.0,2.0,23.900049588615335,0.7287592235850517,23.87920800122184,10.149381367999013
tv_l2,fixed_dwell,20.0,line_hop,0.1,20,Biological,2.0,2.0,20.519123875846596,0.42040076171947793,20.513693764331656,22.945284903005813
tv_l2,fixed_dwell,20.0,line_hop,0.1,21,Fibres,2.0,2.0,19.774382743592575,0.31858371868942986,19.63547411007287,10.243612610007403
tv_l2,fixed_dwell,20.0,line_hop,0.1,28,Powder,2.0,2.0,19.299894812512576,0.3498358535143994,19.09471805209425,10.57170640899858
tv_l2,fixed_dwell,20.0,line_hop,0.1,29,Tips,2.0,2.0,32.50138169269602,0.9161772559862924,32.84591673355356,14.314283466999768
tv_l2,fixed_dwell,20.0,line_hop,0.3,0,Biological,0.0,2.0,23.804198547282084,0.3307026897184142,23.550412674674362,11.860374108990072
tv_l2,fixed_dwell,20.0,line_hop,0.3,1,Fibres,0.0,2.0,21.28081246753422,0.407567637098323,20.757917292149436,10.990980957009015
tv_l2,fixed_dwell,20.0,line_hop,0.3,2,Films_Coated_Surface,0.0,2.0,23.966299215357605,0.37730420896779765,23.699247687069615,10.043107125005918
tv_l2,fixed_dwell,20.0,line_hop,0.3,3,MEMS_devices_and_electrodes,0.0,2.0,24.128691152749717,0.2742251400961941,23.87046700630012,13.154199643002357
tv_l2,fixed_dwell,20.0,line_hop,0.1,26,Patterned_surface,2.0,2.0,18.040223623795338,0.22787892178903746,17.900564346450874,25.28956228699826
tv_l2,fixed_dwell,20.0,line_hop,0.1,27,Porous_Sponge,2.0,2.0,20.826583890984537,0.29087351537594347,20.883166306217397,13.033654854996712
tv_l2,fixed_dwell,20.0,line_hop,0.3,4,Nanowires,0.0,2.0,17.209480328863517,0.3359160947674701,16.397312527343566,12.903068653991795
tv_l2,fixed_dwell,20.0,line_hop,0.3,5,Particles,0.0,2.0,18.054950235937866,0.3087671866362968,17.20232387708817,12.355920187997981
tv_l2,fixed_dwell,20.0,line_hop,0.3,6,Patterned_surface,0.0,2.0,24.0443240104495,0.4684342149091529,23.552468299436487,12.091324738998082
tv_l2,fixed_dwell,20.0,line_hop,0.3,7,Porous_Sponge,0.0,2.0,22.925317840738924,0.4147852764216525,22.486688538683328,12.546830994993798
tv_l2,fixed_dwell,20.0,line_hop,0.3,8,Powder,0.0,2.0,18.368892618585487,0.29876910115651456,17.81804950895693,11.203183315999922
tv_l2,fixed_dwell,20.0,line_hop,0.3,9,Tips,0.0,2.0,31.981115206046546,0.9117665973573768,31.44322737421962,13.593084121006541
tv_l2,fixed_dwell,20.0,line_hop,0.3,10,Biological,0.0,2.0,26.758696855857863,0.4028963832903656,26.616264937700596,12.707381569009158
tv_l2,fixed_dwell,20.0,line_hop,0.3,11,Fibres,0.0,2.0,25.287887834215606,0.638731357843039,24.732320867225383,12.45578595099505
tv_l2,fixed_dwell,20.0,line_hop,0.3,14,Nanowires,0.0,2.0,14.23589002533653,0.2931695736483766,13.408928285947454,11.676252056000521
tv_l2,fixed_dwell,20.0,line_hop,0.3,15,Particles,0.0,2.0,37.34928773482309,0.9076030519532703,37.78971656581691,11.78971483001078
tv_l2,fixed_dwell,20.0,line_hop,0.3,12,Films_Coated_Surface,0.0,2.0,25.77369092075927,0.3984650679857915,25.601006909530874,12.451332776996423
tv_l2,fixed_dwell,20.0,line_hop,0.3,13,MEMS_devices_and_electrodes,0.0,2.0,25.19880581509776,0.32264918563810707,25.007182465819263,12.570941814003163
tv_l2,fixed_dwell,20.0,line_hop,0.3,16,Patterned_surface,0.0,2.0,20.416719179602932,0.46622776038898395,19.833522607671366,9.329225729001337
tv_l2,fixed_dwell,20.0,line_hop,0.3,17,Porous_Sponge,0.0,2.0,15.577152965211349,0.4053528862880886,14.5807988169555,11.702167513009044
tv_l2,fixed_dwell,20.0,line_hop,0.3,20,Biological,0.0,2.0,23.71152763654933,0.5096392103745504,23.365841910915726,6.19323205400724
tv_l2,fixed_dwell,20.0,line_hop,0.3,21,Fibres,0.0,2.0,21.420164458636506,0.4404321798772682,20.880009976825136,5.280785295006353
tv_l2,fixed_dwell,20.0,line_hop,0.3,24,Nanowires,0.0,2.0,14.43010923192835,0.2419774227005242,13.602468582520315,6.888731491999351
tv_l2,fixed_dwell,20.0,line_hop,0.3,25,Particles,0.0,2.0,31.78642966036362,0.6438025666746646,31.561839682245242,12.320070997011499
tv_l2,fixed_dwell,20.0,line_hop,0.3,18,Powder,0.0,2.0,20.292881253496724,0.42369725951867143,19.700947741797187,18.770911789004458
tv_l2,fixed_dwell,20.0,line_hop,0.3,19,Tips,0.0,2.0,26.03151678988318,0.7837717112893512,25.68070411787312,11.325997791995178
tv_l2,fixed_dwell,20.0,line_hop,0.3,22,Films_Coated_Surface,0.0,2.0,14.381187750866257,0.3733089635854418,13.34516425921252,14.360606953996466
tv_l2,fixed_dwell,20.0,line_hop,0.3,23,MEMS_devices_and_electrodes,0.0,2.0,25.112652318603175,0.36369182358992863,24.872661761473147,11.937928471001214
tv_l2,fixed_dwell,20.0,line_hop,0.3,26,Patterned_surface,0.0,2.0,19.19909619645494,0.3111851950785358,18.666109628762054,10.556588089995785
tv_l2,fixed_dwell,20.0,line_hop,0.3,27,Porous_Sponge,0.0,2.0,23.57339156277628,0.3572994668111117,23.454302211030324,9.527198869007407
tv_l2,fixed_dwell,20.0,line_hop,0.3,28,Powder,0.0,2.0,22.35867331843735,0.49461441055869365,21.830890397337445,11.432726578001166
tv_l2,fixed_dwell,20.0,line_hop,0.3,29,Tips,0.0,2.0,37.038549643790105,0.9484668745393339,37.2894094130809,11.3261744909978
tv_l2,fixed_dwell,20.0,line_hop,0.3,0,Biological,0.5,2.0,23.800752800748782,0.32907927702529843,23.544751211215242,12.911838405008893
tv_l2,fixed_dwell,20.0,line_hop,0.3,1,Fibres,0.5,2.0,21.26901154035332,0.40648250196696606,20.755709317162093,10.416173338991939
tv_l2,fixed_dwell,20.0,line_hop,0.3,2,Films_Coated_Surface,0.5,2.0,23.965830227225098,0.37706264763417774,23.70869138011656,11.26709123198816
tv_l2,fixed_dwell,20.0,line_hop,0.3,3,MEMS_devices_and_electrodes,0.5,2.0,24.088285529000917,0.27346717365740286,23.824588884643102,13.173264659999404
tv_l2,fixed_dwell,20.0,line_hop,0.3,4,Nanowires,0.5,2.0,17.189004457112055,0.3330486273801152,16.38859453438817,11.913354434000212
tv_l2,fixed_dwell,20.0,line_hop,0.3,5,Particles,0.5,2.0,18.019273780357192,0.30283239384063154,17.201448674864544,12.473275812008069
tv_l2,fixed_dwell,20.0,line_hop,0.3,6,Patterned_surface,0.5,2.0,23.968142132667477,0.4643913052285135,23.490709279968005,11.46753448699019
tv_l2,fixed_dwell,20.0,line_hop,0.3,7,Porous_Sponge,0.5,2.0,22.932243643078174,0.41505378786997654,22.502896639573706,12.120170563997817
tv_l2,fixed_dwell,20.0,line_hop,0.3,8,Powder,0.5,2.0,18.333981543569674,0.29574417040234874,17.792160439064794,10.263118474002113
tv_l2,fixed_dwell,20.0,line_hop,0.3,9,Tips,0.5,2.0,31.994062630224555,0.9111474925145157,31.49904337855353,12.61622062099923
tv_l2,fixed_dwell,20.0,line_hop,0.3,18,Powder,0.5,2.0,20.283873304970502,0.42084328581746816,19.716229760699843,2.1479516429972136
tv_l2,fixed_dwell,20.0,line_hop,0.3,19,Tips,0.5,2.0,25.99104919775842,0.7832622718502396,25.6316480918828,10.481755895001697
tv_l2,fixed_dwell,20.0,line_hop,0.3,10,Biological,0.5,2.0,26.776526295093177,0.40345762187177536,26.638427066508555,15.577171659999294
tv_l2,fixed_dwell,20.0,line_hop,0.3,11,Fibres,0.5,2.0,25.34311178244164,0.6380264344232175,24.79451345424846,12.294903918998898
tv_l2,fixed_dwell,20.0,line_hop,0.3,12,Films_Coated_Surface,0.5,2.0,25.776962109545913,0.39657319830708976,25.609257186407127,11.702077481008018
tv_l2,fixed_dwell,20.0,line_hop,0.3,13,MEMS_devices_and_electrodes,0.5,2.0,25.21581277133775,0.3233758206361084,25.02180401509685,13.115935167996213
tv_l2,fixed_dwell,20.0,line_hop,0.3,14,Nanowires,0.5,2.0,14.196933327569024,0.2870002927047445,13.387526116820807,15.862563364993548
tv_l2,fixed_dwell,20.0,line_hop,0.3,15,Particles,0.5,2.0,37.350935638702836,0.9075111833415148,37.76202459318149,12.367697787005454
tv_l2,fixed_dwell,20.0,line_hop,0.3,16,Patterned_surface,0.5,2.0,20.386198328670666,0.4624631143390708,19.810707703751007,9.70229782500246
tv_l2,fixed_dwell,20.0,line_hop,0.3,17,Porous_Sponge,0.5,2.0,15.544370146098457,0.4006365704561966,14.564072313736594,13.348713195009623
tv_l2,fixed_dwell,20.0,line_hop,0.3,20,Biological,0.5,2.0,23.573960498239906,0.5072540510140631,23.221533268968223,9.06694029699429
tv_l2,fixed_dwell,20.0,line_hop,0.3,21,Fibres,0.5,2.0,21.406386910442027,0.44145611053500683,20.854812345137375,10.806574258007458
tv_l2,fixed_dwell,20.0,line_hop,0.3,22,Films_Coated_Surface,0.5,2.0,14.351635283078863,0.3660807669884902,13.33415932721669,10.906798213996808
tv_l2,fixed_dwell,20.0,line_hop,0.3,23,MEMS_devices_and_electrodes,0.5,2.0,25.166692116012022,0.364049555122358,24.942799076004626,12.562093803004245
tv_l2,fixed_dwell,20.0,line_hop,0.3,24,Nanowires,0.5,2.0,14.410887739349684,0.2364808353024321,13.603676466948027,10.55551759400987
tv_l2,fixed_dwell,20.0,line_hop,0.3,25,Particles,0.5,2.0,31.82403348428615,0.6438498959998944,31.59396137390555,13.318011145995115
tv_l2,fixed_dwell,20.0,line_hop,0.3,26,Patterned_surface,0.5,2.0,19.123171941354656,0.3053283415972108,18.60275272391093,9.83984021699871
tv_l2,fixed_dwell,20.0,line_hop,0.3,27,Porous_Sponge,0.5,2.0,23.525762615616554,0.354269635201763,23.39468930965914,10.36205326099298
tv_l2,fixed_dwell,20.0,line_hop,0.3,28,Powder,0.5,2.0,22.29492701710913,0.49176778150071276,21.77895380796364,11.780513891993905
tv_l2,fixed_dwell,20.0,line_hop,0.3,29,Tips,0.5,2.0,36.9663980373333,0.9475195330259389,37.27625600469306,11.093707612992148
tv_l2,fixed_dwell,20.0,line_hop,0.3,0,Biological,1.0,2.0,23.752706337278305,0.326656841392023,23.504174674060927,11.26601768299588
tv_l2,fixed_dwell,20.0,line_hop,0.3,1,Fibres,1.0,2.0,21.250503296086837,0.4052500426124988,20.749824795524503,10.87574767699698
tv_l2,fixed_dwell,20.0,line_hop,0.3,2,Films_Coated_Surface,1.0,2.0,23.934815880097734,0.37392357353389194,23.673688824746613,11.308658830006607
tv_l2,fixed_dwell,20.0,line_hop,0.3,3,MEMS_devices_and_electrodes,1.0,2.0,24.092978491975416,0.271942451605012,23.836648269430164,13.284277561004274
tv_l2,fixed_dwell,20.0,line_hop,0.3,4,Nanowires,1.0,2.0,17.16236904200904,0.33029752745744007,16.374139572589684,13.129634290002286
tv_l2,fixed_dwell,20.0,line_hop,0.3,5,Particles,1.0,2.0,18.023895868165386,0.30317428326953777,17.216449424276426,12.803794974999619
tv_l2,fixed_dwell,20.0,line_hop,0.3,6,Patterned_surface,1.0,2.0,24.059830230120586,0.4675013496015589,23.583895051828705,11.63807881399407
tv_l2,fixed_dwell,20.0,line_hop,0.3,7,Porous_Sponge,1.0,2.0,22.86710010025212,0.41178269739017864,22.424862972960646,14.420221091000712
tv_l2,fixed_dwell,20.0,line_hop,0.3,8,Powder,1.0,2.0,18.29829176519611,0.2916242215041655,17.77542364460131,11.244509053998627
tv_l2,fixed_dwell,20.0,line_hop,0.3,9,Tips,1.0,2.0,31.782769964825977,0.9103668077538161,31.309532125888847,12.152337006002199
tv_l2,fixed_dwell,20.0,line_hop,0.3,10,Biological,1.0,2.0,26.782454726014677,0.4029766010965178,26.649109809271966,11.944126677990425
tv_l2,fixed_dwell,20.0,line_hop,0.3,11,Fibres,1.0,2.0,25.236612414287144,0.6364408679120723,24.69562660193298,12.553892580006504
tv_l2,fixed_dwell,20.0,line_hop,0.3,18,Powder,1.0,2.0,20.277554045244962,0.4186480824518319,19.703394510423728,10.086905546006165
tv_l2,fixed_dwell,20.0,line_hop,0.3,19,Tips,1.0,2.0,25.96217125557583,0.781418986350341,25.6254209216877,9.812859116995241
tv_l2,fixed_dwell,20.0,line_hop,0.3,12,Films_Coated_Surface,1.0,2.0,25.79339478922578,0.39805561510867077,25.621089164038608,12.651137670007301
tv_l2,fixed_dwell,20.0,line_hop,0.3,13,MEMS_devices_and_electrodes,1.0,2.0,25.190683208047872,0.32204147902179625,25.01186869000184,14.281277913003578
tv_l2,fixed_dwell,20.0,line_hop,0.3,16,Patterned_surface,1.0,2.0,20.38303004134232,0.4616777573469248,19.828199916026318,10.348025872997823
tv_l2,fixed_dwell,20.0,line_hop,0.3,17,Porous_Sponge,1.0,2.0,15.547973431517782,0.400081171962324,14.587166099435677,13.080039912994835
tv_l2,fixed_dwell,20.0,line_hop,0.3,14,Nanowires,1.0,2.0,14.1541070036584,0.28167129017280634,13.36198018314225,12.328425707004499
tv_l2,fixed_dwell,20.0,line_hop,0.3,15,Particles,1.0,2.0,37.2429493644523,0.9068826526343675,37.63629976913761,11.841950749003445
tv_l2,fixed_dwell,20.0,line_hop,0.3,20,Biological,1.0,2.0,23.56764759665012,0.5039329532453599,23.219935849979557,10.577547641994897
tv_l2,fixed_dwell,20.0,line_hop,0.3,21,Fibres,1.0,2.0,21.394485023700554,0.4420046729906631,20.84375028002192,11.28328699299891
tv_l2,fixed_dwell,20.0,line_hop,0.3,22,Films_Coated_Surface,1.0,2.0,14.313231161342138,0.36249226799628065,13.318495708233938,9.793667138001183
tv_l2,fixed_dwell,20.0,line_hop,0.3,23,MEMS_devices_and_electrodes,1.0,2.0,25.155952968061648,0.36363582624715035,24.94295388314082,11.498756184009835
tv_l2,fixed_dwell,20.0,line_hop,0.3,26,Patterned_surface,1.0,2.0,19.16288983193053,0.3073934293647398,18.647945763043317,9.29916875300114
tv_l2,fixed_dwell,20.0,line_hop,0.3,27,Porous_Sponge,1.0,2.0,23.49892841038722,0.35370585817617217,23.39685919228364,9.887179786994238
tv_l2,fixed_dwell,20.0,line_hop,0.3,28,Powder,1.0,2.0,22.28877033515762,0.4929677118915694,21.748635298030557,11.539387340002577
tv_l2,fixed_dwell,20.0,line_hop,0.3,29,Tips,1.0,2.0,36.95522882775531,0.947543545562103,37.263645596913825,11.43952892300149
tv_l2,fixed_dwell,20.0,line_hop,0.3,24,Nanowires,1.0,2.0,14.381615651331854,0.23291730967120597,13.592410829857952,10.861230935013737
tv_l2,fixed_dwell,20.0,line_hop,0.3,25,Particles,1.0,2.0,31.86753232800539,0.6440972076757425,31.66033278905737,13.283031147002475
tv_l2,fixed_dwell,20.0,line_hop,0.3,0,Biological,2.0,2.0,23.75705725827762,0.3248354151320842,23.52343084021018,11.335591900002328
tv_l2,fixed_dwell,20.0,line_hop,0.3,1,Fibres,2.0,2.0,21.189346951638385,0.4006462063370267,20.712521986720255,10.559247194993077
tv_l2,fixed_dwell,20.0,line_hop,0.3,2,Films_Coated_Surface,2.0,2.0,23.897497710708457,0.3738952410671471,23.62904147565784,11.67485771200154
tv_l2,fixed_dwell,20.0,line_hop,0.3,3,MEMS_devices_and_electrodes,2.0,2.0,24.015758889464983,0.27084534433516844,23.769805827130313,12.669012309008394
tv_l2,fixed_dwell,20.0,line_hop,0.3,4,Nanowires,2.0,2.0,17.099160334762296,0.3249735971243296,16.345904816964506,12.700667222990887
tv_l2,fixed_dwell,20.0,line_hop,0.3,5,Particles,2.0,2.0,17.93400804211004,0.29382832309753515,17.194244633671808,12.488951115999953
tv_l2,fixed_dwell,20.0,line_hop,0.3,8,Powder,2.0,2.0,18.243985891668807,0.28724884428750064,17.74469094521099,9.771326632006094
tv_l2,fixed_dwell,20.0,line_hop,0.3,9,Tips,2.0,2.0,31.665972032538324,0.9100853022014987,31.23344328959861,13.155540357998689
tv_l2,fixed_dwell,20.0,line_hop,0.3,6,Patterned_surface,2.0,2.0,23.986493176196262,0.46563091294632464,23.517079122716144,11.287841731013032
tv_l2,fixed_dwell,20.0,line_hop,0.3,7,Porous_Sponge,2.0,2.0,22.89981146325605,0.4110823426407166,22.469943275176867,12.28591595699254
tv_l2,fixed_dwell,20.0,line_hop,0.3,10,Biological,2.0,2.0,26.74276063932423,0.40048613541182104,26.620814637541223,13.080136276999838
tv_l2,fixed_dwell,20.0,line_hop,0.3,11,Fibres,2.0,2.0,25.32260790250819,0.6352902706318272,24.795957169632263,11.791105948999757
tv_l2,fixed_dwell,20.0,line_hop,0.3,12,Films_Coated_Surface,2.0,2.0,25.76494985584372,0.3964951365492711,25.5942670011537,11.391238722993876
tv_l2,fixed_dwell,20.0,line_hop,0.3,13,MEMS_devices_and_electrodes,2.0,2.0,25.163741711058435,0.32041030888793587,24.993768072210877,13.021981184007018
tv_l2,fixed_dwell,20.0,line_hop,0.3,18,Powder,2.0,2.0,20.20123648920881,0.4133375208450627,19.644252937612457,11.308158347004792
tv_l2,fixed_dwell,20.0,line_hop,0.3,19,Tips,2.0,2.0,25.98243923548823,0.7813174976028492,25.646158178241976,10.281704386987258
tv_l2,fixed_dwell,20.0,line_hop,0.3,16,Patterned_surface,2.0,2.0,20.321199690462915,0.45913130413919595,19.78748755633696,9.350434806998237
tv_l2,fixed_dwell,20.0,line_hop,0.3,17,Porous_Sponge,2.0,2.0,15.385533326712274,0.38704860771015365,14.476358047641222,12.857829508997384
tv_l2,fixed_dwell,20.0,line_hop,0.3,14,Nanowires,2.0,2.0,14.078555192491136,0.27216466128197164,13.330386373194223,13.14131285600888
tv_l2,fixed_dwell,20.0,line_hop,0.3,15,Particles,2.0,2.0,37.27243950480662,0.9078050942329311,37.60773063299362,11.985306454007514
tv_l2,fixed_dwell,20.0,line_hop,0.3,20,Biological,2.0,2.0,23.54909437570233,0.5030561359701907,23.207218832025383,10.138435336994007
tv_l2,fixed_dwell,20.0,line_hop,0.3,21,Fibres,2.0,2.0,21.365780546304265,0.4380763100165731,20.829571955086333,11.605113810001058
tv_l2,fixed_dwell,20.0,line_hop,0.3,26,Patterned_surface,2.0,2.0,19.09103419091562,0.2989777050528765,18.609871973694805,9.487445808001212
tv_l2,fixed_dwell,20.0,line_hop,0.3,27,Porous_Sponge,2.0,2.0,23.491422064591628,0.3515366079611759,23.392703720405965,7.6992606290004915
tv_l2,fixed_dwell,20.0,line_hop,0.3,24,Nanowires,2.0,2.0,14.332027226664028,0.22300355169916414,13.586169896514434,10.80547668300278
tv_l2,fixed_dwell,20.0,line_hop,0.3,25,Particles,2.0,2.0,31.75740906565342,0.6437388672365478,31.520026312709554,8.617473635007627
tv_l2,fixed_dwell,20.0,line_hop,0.3,22,Films_Coated_Surface,2.0,2.0,14.189452335076567,0.3499038875913248,13.253940472518721,10.064263274995028
tv_l2,fixed_dwell,20.0,line_hop,0.3,23,MEMS_devices_and_electrodes,2.0,2.0,25.118322498538603,0.3627977582690592,24.918605016818947,9.771525054995436
tv_l2,fixed_dwell,20.0,line_hop,0.3,28,Powder,2.0,2.0,22.295647184402508,0.49132278129853824,21.763755352255863,14.72531011699175
tv_l2,fixed_dwell,20.0,line_hop,0.3,29,Tips,2.0,2.0,37.00476568026606,0.9485950826835403,37.28995042665784,4.4407107529987115
