image,category,pattern,frac,psnr_unet,ssim_unet,psnr_sample,ssim_mean,ssim_sample,hf_unet,hf_mean,hf_sample,lpips_unet,lpips_mean,lpips_sample,spearman_std_err,rmse_mean,mean_std,psnr_mean1,psnr_mean2,psnr_mean4,psnr_mean8,psnr_mean16,ause,ause_random
0.0,Biological,uniform,0.1,23.87696075439453,0.3304843651402971,22.778213024139404,0.3086225271717412,0.27745349336576675,0.07487429071383973,0.030097039627528716,0.23652810249795128,0.6699187755584717,0.7810225486755371,0.6830284595489502,0.07089662266848036,0.0653151422739029,0.032101646065711975,22.658123016357422,23.22063636779785,23.539932250976562,23.66917610168457,23.7415714263916,0.029802012144447457,0.032691867595411546
0.0,Biological,uniform,0.3,24.921123504638672,0.44558809310929254,23.602428078651428,0.3957703307707914,0.3443583932079127,0.31989452262181894,0.1666980943329151,0.4883043834634469,0.46411919593811035,0.6603368520736694,0.5136263370513916,0.06448775223898202,0.058694738894701004,0.03223889693617821,23.576019287109375,24.165576934814453,24.4868106842041,24.675243377685547,24.75320816040039,0.027066016518699162,0.029424707562082333
0.0,Biological,partial_raster,0.1,23.755733489990234,0.35141111627395705,22.262595057487488,0.31291650719917435,0.27650856869395557,0.17638235732887853,0.056580301571672376,0.38075255746071524,0.5464441180229187,0.7295345664024353,0.6758472323417664,0.0865144697651305,0.06675805151462555,0.03991900756955147,22.270389556884766,23.003273010253906,23.326187133789062,23.49442481994629,23.602083206176758,0.03006849043725428,0.03373371482559444
0.0,Biological,partial_raster,0.3,24.949665069580078,0.45246466925998136,23.68420445919037,0.3960739731004769,0.35508566654647516,0.36588793070070247,0.1677642877415679,0.417105683927956,0.45637378096580505,0.6845748424530029,0.6439482569694519,0.07508548254857057,0.05836362764239311,0.031448837369680405,23.754446029663086,24.271867752075195,24.56712532043457,24.716873168945312,24.79642105102539,0.026505676322432902,0.029143873758552107
0.0,Biological,line_hop,0.1,23.659908294677734,0.3351458263694845,22.387275338172913,0.30167601958237805,0.27441760870270704,0.12611141604743584,0.038515809740319214,0.20903379315555473,0.6533903479576111,0.7821518778800964,0.7244688272476196,0.08621375136076811,0.0677497386932373,0.03553101792931557,22.40751075744629,22.892974853515625,23.243289947509766,23.409374237060547,23.483598709106445,0.03032228429844285,0.03423734893472161
0.0,Biological,line_hop,0.3,24.765079498291016,0.42902832457305196,23.47897481918335,0.3829918545303481,0.3439798548690602,0.24574922081693307,0.12811973705204294,0.3169112868325606,0.5244925022125244,0.7011420726776123,0.6343806982040405,0.09212268655808922,0.06051267310976982,0.03285336494445801,23.603897094726562,24.053207397460938,24.348857879638672,24.513870239257812,24.59747314453125,0.02705531398991172,0.030466022949645
1.0,Fibres,uniform,0.1,22.800655364990234,0.5461672015172597,21.528587818145752,0.5371656016492805,0.47263042669178573,0.45901358112180196,0.349474926896874,0.5872259242123481,0.343496710062027,0.3619222342967987,0.3127225339412689,0.26192326725849835,0.07240600138902664,0.04216334596276283,21.528072357177734,22.23615264892578,22.576457977294922,22.747676849365234,22.876113891601562,0.026414400146961923,0.040514029007456466
1.0,Fibres,uniform,0.3,24.705810546875,0.6874703790306551,24.142191648483276,0.7265894998995784,0.6605270906382755,0.7908732236742411,0.749165976188166,0.8566252508361599,0.241606667637825,0.21291393041610718,0.19772619009017944,0.29778662549877516,0.05344747006893158,0.03187995031476021,24.195209503173828,24.889442443847656,25.316207885742188,25.539024353027344,25.61724090576172,0.018637268152306728,0.030617729777868835
1.0,Fibres,partial_raster,0.1,22.317474365234375,0.5241538354719738,20.39570724964142,0.4826900717377076,0.3894273325816241,0.5526871774737652,0.27933869924136634,0.6412446329287852,0.3524058163166046,0.3931713402271271,0.4122205376625061,0.2723531186602188,0.07944300025701523,0.05387912318110466,20.260210037231445,21.30657386779785,21.76496124267578,21.97636604309082,22.138662338256836,0.029421659565161074,0.04421375519090216
1.0,Fibres,partial_raster,0.3,24.769676208496094,0.6838309873994499,24.09858727455139,0.7060798796467803,0.645635968298694,0.7351652004373839,0.6734135121571139,0.7682901648855588,0.2397843897342682,0.23332887887954712,0.2203928530216217,0.29563209246060623,0.05451085418462753,0.030842483043670654,24.093364715576172,24.79245376586914,25.15259552001953,25.325984954833984,25.451440811157227,0.019262707545660073,0.030621837932230802
1.0,Fibres,line_hop,0.1,21.7900447845459,0.4946488498910147,20.00368595123291,0.4641958466971104,0.3795256965673259,0.46727444307401456,0.2614175990574698,0.5407260876562653,0.38115113973617554,0.396862268447876,0.36079007387161255,0.31709785907527505,0.0835847333073616,0.056460123509168625,20.12697410583496,20.835479736328125,21.28266143798828,21.62541389465332,21.749832153320312,0.028898421903539175,0.04630899287160117
1.0,Fibres,line_hop,0.3,24.22954750061035,0.6685387156935615,23.563165068626404,0.6979641119682808,0.6330348060395415,0.7610716194547633,0.6516026522529594,0.8024687801170379,0.2500305473804474,0.24037471413612366,0.20845270156860352,0.32941684099346896,0.0586751289665699,0.034458428621292114,23.53049087524414,24.273683547973633,24.68540382385254,24.906484603881836,25.022979736328125,0.019552354188871766,0.03368063172499006
2.0,Films_Coated_Surface,uniform,0.1,24.324342727661133,0.40975955569285544,22.75094485282898,0.3975026012066415,0.35179180844685165,0.14629865246657395,0.12718276742245413,0.42854832663850684,0.8551217913627625,0.9375185370445251,0.9151298403739929,0.09193948419772378,0.06174184009432793,0.039349500089883804,22.64775276184082,23.43256950378418,23.88146209716797,24.12425994873047,24.236698150634766,0.027382480258633032,0.031100357968117838
2.0,Films_Coated_Surface,uniform,0.3,25.668216705322266,0.47446476622736417,24.528881788253784,0.4525834125998212,0.4241001750903339,0.28380115590055666,0.20390061269134066,0.396662080976561,0.7424375414848328,0.8928151726722717,0.8799766302108765,0.07029546978683078,0.05338399112224579,0.027204604819417,24.52292251586914,25.029720306396484,25.3168888092041,25.478702545166016,25.541322708129883,0.02444253330309998,0.026799814362163502
2.0,Films_Coated_Surface,partial_raster,0.1,23.942134857177734,0.39759783830553136,22.340699315071106,0.3787988473063502,0.33731592779243075,0.12406984066584055,0.09924202347194298,0.4002013261484908,0.8767435550689697,0.9492159485816956,0.9369393587112427,0.11250988864069338,0.06541114300489426,0.04061220586299896,22.278736114501953,23.002609252929688,23.460411071777344,23.680553436279297,23.779998779296875,0.028258339931520386,0.033346655046410226
2.0,Films_Coated_Surface,partial_raster,0.3,25.626707077026367,0.47399758072248227,24.552247047424316,0.45243628614912723,0.42389135051586574,0.2448940473607989,0.17748522167254846,0.3314448007689074,0.7838015556335449,0.9028435349464417,0.8886169791221619,0.07185006186927392,0.05344740301370621,0.026734957471489906,24.583959579467773,25.069807052612305,25.31240463256836,25.45250701904297,25.530282974243164,0.02422095702242073,0.02676225197858161
2.0,Films_Coated_Surface,line_hop,0.1,23.491466522216797,0.3873532214529216,21.73109722137451,0.3671730369936823,0.3313607029261307,0.09934002254825627,0.0659183044548562,0.3175420251089679,0.9001730680465698,0.9764319658279419,0.9570683240890503,0.1737463895425206,0.06961766630411148,0.04472174122929573,21.637523651123047,22.382848739624023,22.839269638061523,23.123645782470703,23.299245834350586,0.027663524437866707,0.03574002364593594
2.0,Films_Coated_Surface,line_hop,0.3,25.340988159179688,0.46400722893190327,24.12633514404297,0.44660010428049635,0.41481628349062877,0.19774432980915463,0.1726652015841715,0.42675447816758916,0.843380331993103,0.9069318771362305,0.8935930728912354,0.11993680481214948,0.05607767403125763,0.030600856989622116,24.108261108398438,24.688068389892578,25.035053253173828,25.17989158630371,25.2603759765625,0.023866146088588204,0.028343504832410996
3.0,MEMS_devices_and_electrodes,uniform,0.1,24.718902587890625,0.30887068652174204,24.170193672180176,0.2821409027206654,0.26076521704617434,0.6042890240592332,0.41244874443253293,0.5628360240517015,0.5409950613975525,0.7421413660049438,0.2562456727027893,0.10437881929506944,0.058974072337150574,0.01607305370271206,23.8997802734375,24.334842681884766,24.542348861694336,24.613340377807617,24.63626480102539,0.024952843047004233,0.030616345291449923
3.0,MEMS_devices_and_electrodes,uniform,0.3,25.179731369018555,0.3785566269335008,24.421406865119934,0.3075991113852436,0.2787725757805489,0.6665985675955414,0.5510252936791747,0.7140482793643361,0.30950164794921875,0.6310587525367737,0.15003588795661926,0.09442287019606935,0.05737042799592018,0.020015792921185493,23.770292282104492,24.53355598449707,24.853322982788086,24.942453384399414,24.985254287719727,0.024774668480402565,0.029297065520584503
3.0,MEMS_devices_and_electrodes,partial_raster,0.1,24.593603134155273,0.3081549588593456,24.052404165267944,0.275533266113862,0.2690209563104064,0.495124454234395,0.30621110663727713,0.4161802921434073,0.5453853011131287,0.8395177721977234,0.7258698344230652,0.11664576677818571,0.05996260792016983,0.010375266894698143,23.889944076538086,24.265541076660156,24.381275177001953,24.446983337402344,24.484853744506836,0.02470554335443996,0.031453927489613925
3.0,MEMS_devices_and_electrodes,partial_raster,0.3,25.19940185546875,0.37360115924132486,24.307947278022766,0.31390099870377275,0.28407003508203355,0.6737104807380103,0.5722365551856571,0.5973039699694788,0.34442293643951416,0.581795334815979,0.276430606842041,0.09336198270292223,0.05735308676958084,0.022697146981954575,24.436630249023438,24.66852378845215,24.864721298217773,24.950590133666992,25.016157150268555,0.02482873526469061,0.02940727875287093
3.0,MEMS_devices_and_electrodes,line_hop,0.1,24.162805557250977,0.30887590825137795,23.462751626968384,0.2691184662728292,0.2661879888215714,0.47905642002664905,0.2503797266452016,0.3446799959009676,0.5619160532951355,0.8712292909622192,0.8737041354179382,0.13226114119462867,0.06365902721881866,0.009676824323832989,23.654298782348633,23.785282135009766,23.937236785888672,23.997812271118164,24.01616668701172,0.025098412459945114,0.03459476905367182
3.0,MEMS_devices_and_electrodes,line_hop,0.3,25.047874450683594,0.3912617802254426,23.963956117630005,0.32109821210694833,0.27956236351719954,0.6581461939506964,0.5189807388358606,0.6496926823832149,0.26959648728370667,0.4898592531681061,0.18961426615715027,0.1066208344403729,0.05844389274716377,0.027600033208727837,23.922794342041016,24.443580627441406,24.705106735229492,24.875953674316406,24.935142517089844,0.024742241633708938,0.030185099367284446
4.0,Nanowires,uniform,0.1,18.554946899414062,0.5782313196197473,16.73193645477295,0.5218503176008064,0.4147604394455671,0.7241935395643524,0.39484616625749785,0.6857080882275087,0.27067098021507263,0.32456159591674805,0.28864505887031555,0.548750824116242,0.12153255194425583,0.08048643171787262,16.706392288208008,17.559120178222656,18.116376876831055,18.40813446044922,18.562776565551758,0.041469620219673445,0.07111922631875031
4.0,Nanowires,uniform,0.3,21.805761337280273,0.7853343226934745,20.129647254943848,0.7899288648487977,0.7011203062693697,0.9109551361092567,0.8023582596499473,0.9388974686877095,0.14873066544532776,0.1685297191143036,0.15754666924476624,0.6271283156068159,0.0841633602976799,0.055481892079114914,20.11163902282715,21.104907989501953,21.715587615966797,22.051389694213867,22.21168327331543,0.0232322603427061,0.05364580557992848
4.0,Nanowires,partial_raster,0.1,16.55078125,0.41327584979914544,14.641841411590576,0.3669607242087897,0.26532745586427675,0.5918076590316438,0.31063914319520214,0.8490008054715905,0.3327830731868744,0.3898259401321411,0.3455948233604431,0.4764458729141848,0.15114668011665344,0.11386236548423767,14.60113525390625,15.691459655761719,16.2828426361084,16.646879196166992,16.788803100585938,0.06051976895727854,0.08410061893838572
4.0,Nanowires,partial_raster,0.3,20.612018585205078,0.7389068143484032,18.774198293685913,0.7433733155813522,0.6415479864889335,0.9390634025189363,0.8031505277158374,1.012118266835047,0.180845245718956,0.1909557282924652,0.18410925567150116,0.6182478343860548,0.10054639726877213,0.06955565512180328,18.752538681030273,19.80394172668457,20.425796508789062,20.818328857421875,21.005462646484375,0.03552896001250968,0.06453978060849178
4.0,Nanowires,line_hop,0.1,16.304609298706055,0.38700356459147706,14.366844713687897,0.3421525693661216,0.2513462490259945,0.5049485525453727,0.28845208935184785,0.8049769769648838,0.3420604467391968,0.37492361664772034,0.37154045701026917,0.4774809390390866,0.1564456671476364,0.11810868978500366,14.300414085388184,15.37720775604248,15.98707103729248,16.338546752929688,16.49959945678711,0.05907452466630093,0.08421745096694032
4.0,Nanowires,line_hop,0.3,19.752395629882812,0.6894179040655204,17.917530059814453,0.6888731191177229,0.5876470036902457,0.8670752703716059,0.7106662742581559,0.9580362000399331,0.18758420646190643,0.19816049933433533,0.1894991397857666,0.6160856573132971,0.11167015880346298,0.08004704117774963,17.837661743164062,18.856807708740234,19.573362350463867,19.975740432739258,20.187686920166016,0.036199304968670395,0.06932302608902755
5.0,Particles,uniform,0.1,17.57819366455078,0.30373714026157334,16.00685715675354,0.2766609984775506,0.19099218902820603,0.3095334753012856,0.22466801271925468,0.730256283471232,0.2988168001174927,0.36367037892341614,0.2821897864341736,0.42816384310937616,0.13253962993621826,0.07976178824901581,15.91213321685791,16.837907791137695,17.382028579711914,17.645465850830078,17.79620933532715,0.06217270038917458,0.08682566161607154
5.0,Particles,uniform,0.3,19.330665588378906,0.4809981813198312,17.660682916641235,0.45869844837459894,0.36205514115663195,0.771041134736402,0.5585457635853369,0.8635861071336872,0.2170870304107666,0.2860090136528015,0.22517041862010956,0.4347574055965597,0.11328815668821335,0.0715331882238388,17.73453140258789,18.592084884643555,19.138046264648438,19.456924438476562,19.618738174438477,0.03946890778749057,0.07374010029018531
5.0,Particles,partial_raster,0.1,17.315170288085938,0.27868809606345574,15.509666085243225,0.24684402622232682,0.18831211430803305,0.34488741583475896,0.23692184988525614,0.86864071163333,0.37843620777130127,0.37874698638916016,0.3142337203025818,0.41104624350018976,0.13816265761852264,0.09128006547689438,15.49018383026123,16.459463119506836,17.028594970703125,17.34788703918457,17.511592864990234,0.07252301989754872,0.0902401053929247
5.0,Particles,partial_raster,0.3,19.020828247070312,0.46316916572404515,17.367838263511658,0.43768102555732696,0.3580648304677233,0.7681137991713954,0.5765641126244545,0.9609307116675411,0.2396869659423828,0.3141959011554718,0.24805891513824463,0.4527695608888406,0.12056003510951996,0.07037150859832764,17.42518424987793,18.274944305419922,18.803787231445312,19.075124740600586,19.2428035736084,0.04796812090104044,0.07904512291161055
5.0,Particles,line_hop,0.1,17.280471801757812,0.27201979539276555,15.539600729942322,0.2441538209757067,0.18379412153678334,0.2992752287263957,0.2293594400893786,0.8219269445929724,0.41411855816841125,0.395869642496109,0.31895703077316284,0.3915442992886305,0.139234721660614,0.08897476643323898,15.538885116577148,16.45281982421875,16.999813079833984,17.297353744506836,17.446138381958008,0.07493366018288908,0.09186796618153627
5.0,Particles,line_hop,0.3,18.701183319091797,0.4358044055471326,16.973156929016113,0.4099562665269711,0.3256868042539266,0.6944015366819883,0.5068991022325122,0.9142195721205222,0.2542514503002167,0.30184468626976013,0.2478410303592682,0.45175723595838996,0.12598945200443268,0.07989516854286194,17.00096893310547,17.90438461303711,18.49524688720703,18.785446166992188,18.950271606445312,0.05297666032070857,0.08196589060179443
6.0,Patterned_surface,uniform,0.1,24.748435974121094,0.5056266220509479,22.98167586326599,0.49092895532172476,0.4421223813701296,0.29471822592523295,0.19824204195390685,0.4134167125216631,0.7663952708244324,0.873691737651825,0.8302508592605591,0.36208190637711524,0.059355247765779495,0.03465241938829422,23.069290161132812,23.77518081665039,24.204174041748047,24.478092193603516,24.604280471801758,0.017437880496667422,0.03288029656546893
6.0,Patterned_surface,uniform,0.3,26.537858963012695,0.5720399502290513,24.998074769973755,0.5607453736510961,0.5150085331468445,0.5296859878912252,0.479644041179772,0.7284687460662624,0.6864032745361328,0.8480952978134155,0.7855810523033142,0.27430319467860514,0.048182323575019836,0.02615876868367195,24.943710327148438,25.672744750976562,26.113040924072266,26.344112396240234,26.464153289794922,0.016372881348376563,0.025429267633006056
6.0,Patterned_surface,partial_raster,0.1,22.893678665161133,0.45320834280237826,21.445443630218506,0.4447420234907989,0.4106237181971986,0.212943302752801,0.14320178525926786,0.42540933473680276,0.8148518204689026,0.8728302717208862,0.8196765184402466,0.4360703412895148,0.07390221953392029,0.03762407600879669,21.601215362548828,22.19057273864746,22.54867935180664,22.75467872619629,22.879798889160156,0.01864417770971276,0.043588114105172646
6.0,Patterned_surface,partial_raster,0.3,26.44275665283203,0.5746309460215437,24.93305540084839,0.5571598807688969,0.5171478938195334,0.5463354325335585,0.433472182483862,0.7050303335417668,0.635767936706543,0.8672977089881897,0.8053625822067261,0.2877919937318844,0.04922030121088028,0.026334792375564575,24.888647079467773,25.651521682739258,26.06444549560547,26.23948860168457,26.359243392944336,0.01628131848054931,0.026325690477305576
6.0,Patterned_surface,line_hop,0.1,23.104537963867188,0.4669924928239593,21.217415928840637,0.45226154242640937,0.4027502713289693,0.19312813487760916,0.13121872497079964,0.4292695822142817,0.819687008857727,0.8954724669456482,0.8620586395263672,0.4288077486411266,0.07313555479049683,0.04347524791955948,21.204120635986328,22.034038543701172,22.612117767333984,22.903844833374023,22.964078903198242,0.01892691091456014,0.04243987995595432
6.0,Patterned_surface,line_hop,0.3,25.737045288085938,0.5566679504227942,24.196735978126526,0.539651660293903,0.49933928543684225,0.4316447118261747,0.3328920783558789,0.5713751428555491,0.6821022033691406,0.8745870590209961,0.8261109590530396,0.33840121180738425,0.05515332147479057,0.02950880117714405,24.157840728759766,24.927433013916016,25.338422775268555,25.5404052734375,25.64113998413086,0.01627051579522042,0.03063970741745703
7.0,Porous_Sponge,uniform,0.1,23.377899169921875,0.45648750967244917,21.68315863609314,0.4249974932866802,0.3678914763636526,0.3067721726033502,0.20130353562910533,0.4676730804152761,0.6363877058029175,0.7520430684089661,0.6587811708450317,0.35071840362277223,0.07004682719707489,0.041818421334028244,21.635725021362305,22.36261749267578,22.804567337036133,23.028066635131836,23.168819427490234,0.02323423782376202,0.039096221846204114
7.0,Porous_Sponge,uniform,0.3,24.900753021240234,0.5507598593117771,23.251959919929504,0.5247252906218587,0.4662806951764238,0.58869620019106,0.48393182176548577,0.7499071955344575,0.46032074093818665,0.6411826610565186,0.5915212035179138,0.34738081744417215,0.05871482193470001,0.03567932918667793,23.358259201049805,23.984325408935547,24.419147491455078,24.660846710205078,24.80930519104004,0.019451860612652267,0.03212104287847285
7.0,Porous_Sponge,partial_raster,0.1,22.355514526367188,0.4203259392273183,20.4860178232193,0.39804066623628,0.334147676931101,0.27731403253302817,0.21342740833376064,0.5836724727019569,0.6519807577133179,0.7460230588912964,0.6951876282691956,0.3988626824588896,0.07878600060939789,0.05124012753367424,20.38308334350586,21.20794677734375,21.827430725097656,22.16797637939453,22.282207489013672,0.023633581839315687,0.045259108918512696
7.0,Porous_Sponge,partial_raster,0.3,24.82714080810547,0.5459256420546597,23.148603677749634,0.5212914850619862,0.4571579457859766,0.6051807713717635,0.4848128043456366,0.8392421905305457,0.5267646908760071,0.6499013304710388,0.5518507361412048,0.35714511881593075,0.059768758714199066,0.03651940077543259,23.04351806640625,23.878477096557617,24.38077735900879,24.62458610534668,24.749258041381836,0.019307411432425124,0.033006929562776705
7.0,Porous_Sponge,line_hop,0.1,21.838836669921875,0.4054145807062121,20.23299479484558,0.37555388601900275,0.3291491402179986,0.24406777163143625,0.17351887726196866,0.43726486414113275,0.6242786049842834,0.7429327368736267,0.6916412711143494,0.40453529703500646,0.08414851129055023,0.048749975860118866,20.235960006713867,20.94638442993164,21.380386352539062,21.584835052490234,21.725841522216797,0.025280850782410127,0.04863926558734032
7.0,Porous_Sponge,line_hop,0.3,24.39928436279297,0.5332397213357151,22.61168599128723,0.5034846000865726,0.43208698010062985,0.5587024919981185,0.411436017117004,0.7867962460377,0.49221619963645935,0.6450302004814148,0.5644357204437256,0.37248868570010957,0.06422699242830276,0.040522754192352295,22.469282150268555,23.35540008544922,23.865684509277344,24.128639221191406,24.28675651550293,0.020185315834279335,0.036023550107436415
8.0,Powder,uniform,0.1,18.50790023803711,0.33336936458723604,17.448065996170044,0.28764072034199917,0.25859660128686834,0.39029445293879,0.19247908648892056,0.46818479704610044,0.7904530167579651,1.052781581878662,0.9455856680870056,0.24876397449290727,0.12161361426115036,0.05774985998868942,17.391706466674805,17.93655776977539,18.2119140625,18.3375186920166,18.40085220336914,0.04442312391062608,0.06224728772204388
8.0,Powder,uniform,0.3,19.686397552490234,0.45781847258006486,18.751153826713562,0.3494535333818144,0.3301977120434328,0.588532757567184,0.31511610038463306,0.5241236735853416,0.4681856334209442,1.0360790491104126,0.9379670023918152,0.24545575040520232,0.10999321192502975,0.04057366028428078,18.719301223754883,19.057205200195312,19.234556198120117,19.320650100708008,19.361848831176758,0.04101349474538708,0.05679325477991565
8.0,Powder,partial_raster,0.1,17.882352828979492,0.2922653893905883,16.612014412879944,0.25271717085926354,0.22429637783243314,0.26376121069264213,0.13915410876848208,0.4263432426837708,0.793704628944397,1.0501412153244019,0.9795844554901123,0.2626160725707414,0.13105621933937073,0.06979364901781082,16.644023895263672,17.279327392578125,17.564971923828125,17.720216751098633,17.821590423583984,0.04721380554554321,0.06793168941576656
8.0,Powder,partial_raster,0.3,19.55368423461914,0.4568319975916696,18.664060950279236,0.34845713222100677,0.3254058753170102,0.6829865717693097,0.34289266441858096,0.5510203946065934,0.5134834051132202,1.0267993211746216,0.9248104095458984,0.25175298179717226,0.1111554279923439,0.042245250195264816,18.651039123535156,19.006118774414062,19.180702209472656,19.266469955444336,19.310199737548828,0.041285628986479965,0.057458315120064274
8.0,Powder,line_hop,0.1,17.401628494262695,0.28485602286435613,15.856911540031433,0.23583702914826837,0.20590027004525557,0.29170837662570326,0.13562653110336947,0.5209892849714299,0.7360774874687195,1.043434977531433,0.9442609548568726,0.2872232957018472,0.14068767428398132,0.08023982495069504,15.832269668579102,16.52210235595703,17.011478424072266,17.158029556274414,17.239803314208984,0.04786178820309284,0.07273315786800462
8.0,Powder,line_hop,0.3,19.329927444458008,0.4526956350675841,18.291143894195557,0.3400919347901897,0.31487508028968886,0.6218924807983359,0.3238585514634465,0.5504842030427614,0.47208282351493835,1.0151779651641846,0.9305635094642639,0.2544457235167453,0.11501351743936539,0.050022583454847336,18.35272979736328,18.751310348510742,18.939985275268555,19.04610824584961,19.10028839111328,0.042361848005079764,0.059302999461068456
9.0,Tips,uniform,0.1,32.545799255371094,0.9092475770871374,31.676421880722046,0.9079718035061949,0.9056819450712343,0.7119035134171932,0.5425616521032638,0.6325312969342506,0.25840115547180176,0.28578001260757446,0.27261799573898315,0.26536404342000225,0.02434755489230156,0.0042294906452298164,31.775569915771484,32.05024719238281,32.15278244018555,32.235626220703125,32.30589294433594,0.003546498975496506,0.017650586425178593
9.0,Tips,uniform,0.3,33.72477722167969,0.9151218322846785,32.966689109802246,0.9134626084945004,0.9111612614580413,0.831337876476573,0.6322810460831185,0.7053431864304816,0.22232624888420105,0.26851126551628113,0.25465184450149536,0.21679800620866768,0.020903438329696655,0.0037488467060029507,33.10402297973633,33.44123840332031,33.603023529052734,33.68763732910156,33.71720504760742,0.0032643718229424116,0.015006866073385052
9.0,Tips,partial_raster,0.1,32.32269287109375,0.9099766490046417,31.437362551689148,0.9094052097052175,0.9060923618379607,0.7328051360768164,0.5952030720999415,0.7180827019596276,0.24781163036823273,0.2779836058616638,0.26688385009765625,0.2472575125567221,0.023759497329592705,0.005286701489239931,31.634719848632812,32.01885986328125,32.318912506103516,32.41990280151367,32.5618896484375,0.0033948852745424936,0.017263122421838306
9.0,Tips,partial_raster,0.3,33.7861213684082,0.9173586410713138,32.9312846660614,0.915430512158817,0.9114919318443943,0.8690188084507088,0.6702538225357814,0.731531383625078,0.23387832939624786,0.2629581391811371,0.255095511674881,0.1986152492830986,0.020451193675398827,0.004037127830088139,33.17726135253906,33.59099197387695,33.795623779296875,33.881011962890625,33.92311477661133,0.0034017721638152833,0.014735099657364168
9.0,Tips,line_hop,0.1,32.016082763671875,0.9079662168282946,30.849901914596558,0.906433066763422,0.9028102718891172,0.5643342351788745,0.46588031029289373,0.51466717290793,0.2771301567554474,0.2972138524055481,0.28496482968330383,0.34198700520943637,0.026119094341993332,0.005518543068319559,30.57378578186035,31.34702491760254,31.587890625,31.754663467407227,31.814838409423828,0.0038408738210321844,0.01922437083387059
9.0,Tips,line_hop,0.3,33.73135757446289,0.9156635181846111,32.89376711845398,0.9148588519805708,0.9114404299192502,0.7678125884043566,0.6312352019270623,0.7483865300340755,0.24203060567378998,0.26731154322624207,0.25249922275543213,0.20261323284977836,0.020879223942756653,0.004120024386793375,32.83529281616211,33.29859924316406,33.57282257080078,33.73447799682617,33.838809967041016,0.0033558256225324867,0.01491479318322658
10.0,Biological,uniform,0.1,26.956153869628906,0.4006929946616039,26.573423862457275,0.3901352458301294,0.3871287323294687,0.08473296425213687,0.03397388441676068,0.042739806338897034,0.7345241904258728,0.8221095204353333,0.8245781064033508,0.06351830871205762,0.04562047868967056,0.008042862638831139,26.586566925048828,26.73151397705078,26.76146697998047,26.81764793395996,26.818775177001953,0.02138208661543603,0.023698879034203615
10.0,Biological,uniform,0.3,27.560832977294922,0.440859710068311,27.06577217578888,0.4121638257232866,0.40546282754897295,0.2409849899706021,0.12377068111335152,0.15735305069782135,0.5484293699264526,0.746107280254364,0.7407276630401611,0.06280931941571999,0.0431259423494339,0.007834941148757935,27.11589813232422,27.251375198364258,27.282838821411133,27.337053298950195,27.345998764038086,0.019841706497330233,0.0220074548682596
10.0,Biological,partial_raster,0.1,27.019588470458984,0.4143040152043229,26.50633418560028,0.3913044383966249,0.3850133775373241,0.19424784342402884,0.048000111668052216,0.09280472996290463,0.5911484360694885,0.8071667551994324,0.7724899649620056,0.08608239605852723,0.0457984134554863,0.007453461177647114,26.445213317871094,26.675716400146484,26.740114212036133,26.76400375366211,26.789886474609375,0.02070707504131562,0.023766470282604864
10.0,Biological,partial_raster,0.3,27.666427612304688,0.45475848691280063,27.10770344734192,0.4162530387640656,0.40825167526923023,0.3385421827211131,0.16247746029345095,0.24606806036341977,0.5021422505378723,0.7525715827941895,0.687064528465271,0.06093016459304044,0.042624060064554214,0.00831018015742302,27.064254760742188,27.285139083862305,27.365299224853516,27.404897689819336,27.430036544799805,0.019770702703458105,0.02164592157760699
10.0,Biological,line_hop,0.1,26.902957916259766,0.40664791581391224,26.471309781074524,0.3903799838122514,0.3864944745980291,0.15968821526335422,0.051752798786713294,0.060117226784249723,0.6668416857719421,0.8172085285186768,0.8186346888542175,0.09049871025741393,0.04607608541846275,0.008183141238987446,26.424226760864258,26.621009826660156,26.65899658203125,26.74445152282715,26.757057189941406,0.02051148648775961,0.023984260771321764
10.0,Biological,line_hop,0.3,27.55310821533203,0.4457860235330597,27.0610009431839,0.41250030976445506,0.40586172362121115,0.25660906199459776,0.1169045338431902,0.1765209191463125,0.5105352401733398,0.755271852016449,0.6828669905662537,0.06695634254341931,0.04323987662792206,0.007882333360612392,27.06732177734375,27.197425842285156,27.27208137512207,27.330677032470703,27.356660842895508,0.01983520732601629,0.021998039783762212
11.0,Fibres,uniform,0.1,27.36178970336914,0.6953628280649601,25.97555911540985,0.696220755824259,0.664536691094313,0.5823557053839777,0.4154419016384534,0.6000683370801047,0.45984286069869995,0.4946518540382385,0.49721837043762207,0.2912210503280459,0.043072525411844254,0.02239564247429371,26.04865074157715,26.73011016845703,27.001468658447266,27.30180549621582,27.37551498413086,0.015586954899186376,0.025841795493717734
11.0,Fibres,uniform,0.3,29.360454559326172,0.7327764104041082,28.30306327342987,0.7307771513371835,0.712426037004375,0.6948326075094831,0.6246664337410615,0.6886453008930994,0.4150052070617676,0.4599584937095642,0.45158958435058594,0.26550792923723876,0.034398943185806274,0.014817357994616032,28.306514739990234,28.8259334564209,29.15494728088379,29.285003662109375,29.376544952392578,0.012260390162045668,0.02009709071253678
11.0,Fibres,partial_raster,0.1,26.414663314819336,0.6851540253168327,24.704656958580017,0.6783378734606111,0.6427634819596227,0.4545191376194513,0.26190965403049243,0.42120495576557726,0.476455420255661,0.5136228799819946,0.5230821967124939,0.34405159374540883,0.04986891150474548,0.02647240459918976,24.66022300720215,25.532215118408203,25.887910842895508,26.121219635009766,26.220726013183594,0.014650845811255161,0.03092107823651606
11.0,Fibres,partial_raster,0.3,29.165287017822266,0.7359092515145736,28.128745436668396,0.732443317114977,0.7089826761484926,0.6873393195015751,0.5816090040842548,0.7205390549577902,0.4141521453857422,0.4582628309726715,0.433711975812912,0.27579232998963327,0.03519352898001671,0.015268324874341488,28.055282592773438,28.599321365356445,28.962364196777344,29.107585906982422,29.24774169921875,0.01179381591395063,0.0206402467684892
11.0,Fibres,line_hop,0.1,26.037506103515625,0.6749577820705022,24.268653631210327,0.6667703766968417,0.6238397688852382,0.4169755781881347,0.24642152580295648,0.48075171563669467,0.49006927013397217,0.5340650081634521,0.5286586284637451,0.35636102468616154,0.05152798071503639,0.029598098248243332,24.063451766967773,24.917261123657227,25.508808135986328,25.825340270996094,25.96225357055664,0.01562502818496078,0.031961847403444196
11.0,Fibres,line_hop,0.3,28.53923988342285,0.727274826951314,27.393966674804688,0.7266286205020027,0.697823490144425,0.6976132010657069,0.5667182849752423,0.7487129251028161,0.4235789179801941,0.45665499567985535,0.43571969866752625,0.3136484687800463,0.03870945796370506,0.017573481425642967,27.14969253540039,27.993562698364258,28.370206832885742,28.571958541870117,28.672149658203125,0.011597708430637002,0.023502771667603083
12.0,Films_Coated_Surface,uniform,0.1,25.81904411315918,0.4134813453821329,24.910733580589294,0.38397570229370714,0.3645915753070673,0.0744038826667861,0.02838387629441504,0.14425172246551315,0.6899785995483398,0.9027291536331177,0.7584011554718018,0.1408289239110727,0.052847713232040405,0.020348170772194862,24.840866088867188,25.247907638549805,25.470535278320312,25.52495765686035,25.566898345947266,0.02201995490527295,0.027079313688006607
12.0,Films_Coated_Surface,uniform,0.3,26.926902770996094,0.5200514536089229,25.404563665390015,0.4943226006781495,0.43027834889297945,0.4817542411345166,0.30943151533714064,0.6510187612329957,0.4461026191711426,0.6401865482330322,0.6076758503913879,0.13299485906796926,0.04573887214064598,0.02930247038602829,25.491943359375,26.169811248779297,26.606922149658203,26.795795440673828,26.925392150878906,0.019215738058133296,0.023141536297790682
12.0,Films_Coated_Surface,partial_raster,0.1,25.740604400634766,0.41886733829468303,24.55315613746643,0.3904040555614876,0.3525496192012545,0.12331828885923574,0.045095938070833695,0.2548261143389172,0.60880446434021,0.8425341844558716,0.7276541590690613,0.1484541250337968,0.053452517837285995,0.026238620281219482,24.443756103515625,25.022409439086914,25.28606605529785,25.45520782470703,25.52912712097168,0.022003380633771406,0.02751877113247216
12.0,Films_Coated_Surface,partial_raster,0.3,26.99171257019043,0.5188849780685679,25.4857075214386,0.48980993944488393,0.43318643576164717,0.4856262814658086,0.27648718021493357,0.673748519593662,0.46957018971443176,0.6517704129219055,0.6193886995315552,0.12997806483834445,0.04587165266275406,0.028598712757229805,25.53995132446289,26.234176635742188,26.61853790283203,26.82097625732422,26.938308715820312,0.019571280094845774,0.02335257958833405
12.0,Films_Coated_Surface,line_hop,0.1,25.561635971069336,0.41874390840290837,24.544892072677612,0.3855285579630612,0.3631191713561542,0.1807613879481146,0.040599386725251485,0.11719932516522244,0.5849378108978271,0.8715558052062988,0.7608199715614319,0.15104412675994047,0.054251860827207565,0.024620521813631058,24.74551010131836,24.991235733032227,25.21164321899414,25.353267669677734,25.408430099487305,0.022103486516651723,0.027831233973965242
12.0,Films_Coated_Surface,line_hop,0.3,26.849382400512695,0.5078429858760691,25.24314248561859,0.47654110624309004,0.4185925541924148,0.39936538326071186,0.2375261543955907,0.6347444139560616,0.4966371953487396,0.6690048575401306,0.6240081787109375,0.15110364102694188,0.04770604521036148,0.02998887561261654,25.25939178466797,25.992982864379883,26.401233673095703,26.60163116455078,26.704938888549805,0.019532909334626373,0.024316076713821806
13.0,MEMS_devices_and_electrodes,uniform,0.1,25.529788970947266,0.34538477605159223,25.311062574386597,0.32269021701509704,0.3187576755913145,0.587654020678336,0.368706485131462,0.46022176478355314,0.576346218585968,0.7831500768661499,0.5904207229614258,0.2047751627430569,0.053139783442020416,0.006069628056138754,25.24385643005371,25.382516860961914,25.46827507019043,25.489023208618164,25.511770248413086,0.01972063115740806,0.02856949726324489
13.0,MEMS_devices_and_electrodes,uniform,0.3,25.745567321777344,0.44004933541060415,25.24472987651825,0.3505020580001269,0.32297951123846846,0.6716843660804361,0.4747327257223506,0.6434656095905397,0.16728723049163818,0.5974276065826416,0.16748499870300293,0.2028500155797415,0.05219295620918274,0.017685191705822945,24.847763061523438,25.515670776367188,25.706096649169922,25.77533531188965,25.823171615600586,0.019586257138702084,0.02765382908696369
13.0,MEMS_devices_and_electrodes,partial_raster,0.1,25.05657386779785,0.3480963534155398,24.744617819786072,0.3142382428143983,0.30991092453034913,0.443468460110137,0.27963192873782106,0.38485956424724044,0.46255701780319214,0.7985777258872986,0.7962301969528198,0.22212724287945465,0.05672139674425125,0.00621768506243825,24.673147201538086,24.843225479125977,25.001972198486328,24.98692512512207,24.99972915649414,0.01965953300925018,0.031042309363035207
13.0,MEMS_devices_and_electrodes,partial_raster,0.3,25.582534790039062,0.4431029781416538,25.429966926574707,0.33582923403043047,0.3284275714573202,0.7205100794619166,0.46270450855485684,0.5348304415120633,0.1550508439540863,0.7190137505531311,0.2898692786693573,0.20350958771446895,0.052467867732048035,0.010722475126385689,25.275957107543945,25.573768615722656,25.667724609375,25.692459106445312,25.7078914642334,0.01938139945445387,0.027778682850293
13.0,MEMS_devices_and_electrodes,line_hop,0.1,25.19898223876953,0.3487074972842003,24.76636493206024,0.31370966902381164,0.3112375993766865,0.4210787369050452,0.21188637417081488,0.3065284106961129,0.5440323352813721,0.801532506942749,0.7918291091918945,0.22492371124014363,0.056354496628046036,0.006622894201427698,24.85903549194336,24.911937713623047,24.97810173034668,25.000917434692383,25.055437088012695,0.019850760058897077,0.030989763286243636
13.0,MEMS_devices_and_electrodes,line_hop,0.3,25.824106216430664,0.4308795741863511,25.431223273277283,0.3345820416725809,0.3279893320669584,0.6139440249059999,0.4428719266045084,0.48012328906404694,0.23013219237327576,0.7318697571754456,0.6753167510032654,0.2024815126903738,0.052458588033914566,0.00991752091795206,25.561283111572266,25.629192352294922,25.648887634277344,25.669763565063477,25.69729232788086,0.019415895748728748,0.02791122290673875
14.0,Nanowires,uniform,0.1,14.109262466430664,0.44065356448688925,12.646789610385895,0.33749459614256133,0.2533256835389804,0.7773066280749095,0.279158807996355,0.6597465026449463,0.286734938621521,0.35632672905921936,0.28466564416885376,0.20397322038064103,0.19810336828231812,0.1349520981311798,12.648904800415039,13.425334930419922,13.919933319091797,14.1947021484375,14.322896003723145,0.07637414218947804,0.09193073852089212
14.0,Nanowires,uniform,0.3,16.56651496887207,0.682761675593813,14.947125613689423,0.672735926140292,0.5653703086152391,0.9430225786231449,0.6907519094981217,0.9021951341660815,0.17602887749671936,0.17763346433639526,0.17546755075454712,0.3072278743727286,0.15604615211486816,0.11587616801261902,14.909248352050781,15.900047302246094,16.46587562561035,16.802303314208984,16.97095489501953,0.05807540756142143,0.08099916888201726
14.0,Nanowires,partial_raster,0.1,13.437868118286133,0.30340651305252525,11.225041210651398,0.251368919876359,0.17490056360059072,0.47075970684439256,0.2798360028767078,0.956949017093953,0.40380823612213135,0.4898903965950012,0.40546485781669617,0.18718362012605938,0.2218586504459381,0.1814822554588318,11.202496528625488,12.256597518920898,12.900287628173828,13.25273323059082,13.446533203125,0.08801935998675986,0.10234383318469091
14.0,Nanowires,partial_raster,0.3,15.627857208251953,0.6252429509967719,13.987275838851929,0.6179639166611323,0.5021189831407898,0.9849959054640401,0.710730863231437,0.9820214125989591,0.21340349316596985,0.1996602714061737,0.1932917833328247,0.2917595048457024,0.17766720056533813,0.13671933114528656,13.995016098022461,14.996432304382324,15.587864875793457,15.92578125,16.101337432861328,0.07153565598733413,0.09318195715863604
14.0,Nanowires,line_hop,0.1,13.367403984069824,0.28631431117667283,11.103527128696442,0.24123731957232092,0.16264897034864523,0.43689691039524986,0.24701490915661284,0.8884174361758249,0.45136988162994385,0.4288591146469116,0.2869873642921448,0.1822431579512967,0.22314193844795227,0.18748268485069275,11.1417875289917,12.151458740234375,12.793898582458496,13.177610397338867,13.39779281616211,0.0859758907154569,0.10050391059532811
14.0,Nanowires,line_hop,0.3,15.317588806152344,0.5871288888839253,13.487456202507019,0.5832926505903234,0.4694385365112644,0.8788194358600842,0.6229177173784973,0.95988880713134,0.21873314678668976,0.20051309466362,0.20035392045974731,0.3188869059570525,0.18529672920703888,0.15102505683898926,13.587764739990234,14.588738441467285,15.213955879211426,15.573101043701172,15.773362159729004,0.06931592839085784,0.09396769524416061
15.0,Particles,uniform,0.1,37.86347579956055,0.9231250700565211,36.62258529663086,0.9257436660360439,0.9238074017402669,0.8567178082354628,0.8583073802269369,0.912476164584654,0.39735016226768494,0.42784538865089417,0.4165918827056885,0.09884114658144838,0.012899057008326054,0.006267416290938854,36.73699951171875,37.0999755859375,37.57068634033203,37.71656799316406,37.79020309448242,0.005745782236200002,0.006490690885394792
15.0,Particles,uniform,0.3,38.991886138916016,0.9233457362912652,38.24684453010559,0.9262811700085702,0.9248486003422477,0.7215052708608443,0.7258824425217433,0.8529877203626521,0.35623490810394287,0.4214545488357544,0.4140598177909851,0.037911488868083626,0.01116877794265747,0.00453842431306839,38.183902740478516,38.50094223022461,38.864952087402344,38.97825622558594,39.03661346435547,0.005232319869547474,0.005584710737419626
15.0,Particles,partial_raster,0.1,37.35725784301758,0.9238321313601312,35.955501079559326,0.9249040959516553,0.923112079404389,0.6850944090123998,0.7296007707726777,0.8607297106729924,0.41136762499809265,0.4275520145893097,0.42619332671165466,0.07285238011418455,0.01397990807890892,0.006570750847458839,35.80641174316406,36.61454391479492,37.00723648071289,37.09458923339844,37.10204315185547,0.006202463772533741,0.007195261110761849
15.0,Particles,partial_raster,0.3,38.874813079833984,0.9245931165161532,38.057697772979736,0.926166073703269,0.9248834863813407,0.7438873322042415,0.7979716408700949,0.8141068043596998,0.37412741780281067,0.42661672830581665,0.42168498039245605,0.04902754026851324,0.011588267982006073,0.004286587703973055,38.046424865722656,38.334564208984375,38.5643424987793,38.657161712646484,38.7369499206543,0.0053561466871844135,0.005854005488612133
15.0,Particles,line_hop,0.1,36.97224426269531,0.9235678572337997,35.977553606033325,0.9250766701837907,0.9232991323994811,0.7077672247247576,0.7083036513118052,0.8189173464005743,0.4166707396507263,0.4303922653198242,0.4215678572654724,0.12416422289480308,0.014082171022891998,0.006285242270678282,35.931121826171875,36.230167388916016,36.5880241394043,36.92792892456055,37.05810546875,0.005720010404814257,0.00716569537339783
15.0,Particles,line_hop,0.3,38.39716339111328,0.9235468597663596,37.76781129837036,0.925955934457509,0.9242306336419821,0.951410158470377,0.8807220695691307,0.7735899552403415,0.37699663639068604,0.4255923330783844,0.4158547520637512,0.0526567955603467,0.011962614953517914,0.0044809551909565926,37.771446228027344,38.14717102050781,38.4502067565918,38.45796585083008,38.47951889038086,0.005519995614408451,0.006153685700909357
16.0,Patterned_surface,uniform,0.1,21.06889533996582,0.5876019867816505,18.938348412513733,0.4447785467128542,0.28381968395483476,0.4411951589681055,0.0896322986722815,0.3892175303788988,0.2300776243209839,0.49777084589004517,0.3895743489265442,0.350991390013404,0.09726759046316147,0.05778471380472183,18.83257293701172,19.637813568115234,20.007789611816406,20.224763870239258,20.328277587890625,0.04532215883506629,0.06121076405642163
16.0,Patterned_surface,uniform,0.3,24.68231201171875,0.8101488093244896,25.495705008506775,0.8795057087404742,0.8472682823973579,1.3455940426851272,0.9564047130443449,1.0020187476367606,0.07484186440706253,0.03208751603960991,0.02763238549232483,0.4632716682343464,0.04355185851454735,0.02306102216243744,25.56964683532715,26.48555564880371,27.027509689331055,27.325468063354492,27.53147315979004,0.007960493756914771,0.02851574203151781
16.0,Patterned_surface,partial_raster,0.1,20.636415481567383,0.5442252539476222,18.537350058555603,0.4216674833915835,0.2738467828077649,0.3980216230328051,0.10454104623949201,0.4218633614761664,0.2833890914916992,0.5082358121871948,0.45456933975219727,0.3236947056274156,0.10057902336120605,0.06549443304538727,18.646562576293945,19.358064651489258,19.79952621459961,20.029754638671875,20.143482208251953,0.05159399935236298,0.06272946140003631
16.0,Patterned_surface,partial_raster,0.3,24.86281967163086,0.8132127720586841,25.11901891231537,0.8703020699392356,0.8379254321484458,1.2190338826190186,0.8714737866640531,0.9704947423408984,0.079283706843853,0.0416925773024559,0.0300787054002285,0.4336060687851916,0.0465196892619133,0.0236966535449028,25.133155822753906,26.092958450317383,26.633712768554688,26.899335861206055,27.038354873657227,0.008555318333414783,0.030492040467495478
16.0,Patterned_surface,line_hop,0.1,20.66277313232422,0.5409059072098186,18.616196870803833,0.42443515423173594,0.3123516038878988,0.33815622364440967,0.09588524014559485,0.34198282338155556,0.26889199018478394,0.4638482332229614,0.36164864897727966,0.3143760946986273,0.09987995773553848,0.06371667981147766,18.884654998779297,19.435781478881836,19.834218978881836,20.06789779663086,20.213592529296875,0.049679919434228205,0.06089910103904893
16.0,Patterned_surface,line_hop,0.3,24.366008758544922,0.7993337168843851,24.210532426834106,0.8498378918712587,0.8146044391337051,1.201681836335251,0.7797706748449434,0.8632018226303616,0.09406503289937973,0.053698327392339706,0.03904392942786217,0.46633713863985904,0.052738506346940994,0.027336152270436287,24.40367889404297,25.206974029541016,25.745738983154297,26.013938903808594,26.14742088317871,0.008722905517891599,0.03484458873818714
17.0,Porous_Sponge,uniform,0.1,16.40281105041504,0.47178419739927324,14.325088620185852,0.4484315236451417,0.35934473012918,0.6725043648656491,0.48605564700770376,0.859263081600127,0.2457437813282013,0.24733655154705048,0.22264863550662994,0.4733537995833893,0.15463027358055115,0.11115415394306183,14.38533878326416,15.425508499145508,16.01638412475586,16.317371368408203,16.485084533691406,0.04886222326641638,0.09220845713589304
17.0,Porous_Sponge,uniform,0.3,19.23188591003418,0.6203675267427584,17.337392449378967,0.6107435474285583,0.5291139531968697,0.8583119122978079,0.7663958234139736,0.9060527500172625,0.16199800372123718,0.15641506016254425,0.1279909759759903,0.43421850252479977,0.1157984808087349,0.07805869728326797,17.404052734375,18.355411529541016,18.905010223388672,19.203445434570312,19.3791446685791,0.03441513705384579,0.068671626644553
17.0,Porous_Sponge,partial_raster,0.1,14.347415924072266,0.34479783308772116,11.993450343608856,0.31243716537627353,0.23486780259518872,0.45140693789389624,0.2978323930652278,0.8389156601577227,0.31920933723449707,0.32314208149909973,0.2873286008834839,0.514413226598652,0.20051634311676025,0.1575765162706375,12.111859321594238,13.045438766479492,13.655319213867188,14.111391067504883,14.323699951171875,0.0727565346093667,0.11440064267734903
17.0,Porous_Sponge,partial_raster,0.3,18.602584838867188,0.6001423669095404,16.653714179992676,0.586598001864694,0.502620562120348,0.8560987659213944,0.7456940263337868,0.9327398783026967,0.184267058968544,0.1807405799627304,0.13955558836460114,0.4501482506135801,0.1281910389661789,0.08555036783218384,16.68899154663086,17.57451629638672,18.19158172607422,18.526622772216797,18.703842163085938,0.038378630507481575,0.07752475854797618
17.0,Porous_Sponge,line_hop,0.1,13.89443302154541,0.32614430978179904,11.67957729101181,0.29598627951131706,0.2173853298520758,0.418350873356605,0.28456497168134975,0.8372331512582414,0.3448314368724823,0.34104132652282715,0.30822187662124634,0.5113030709482982,0.2091212123632431,0.1640019714832306,11.803240776062012,12.806974411010742,13.397125244140625,13.802184104919434,13.966598510742188,0.07429811043165303,0.11558285869419242
17.0,Porous_Sponge,line_hop,0.3,17.48311996459961,0.560666628529325,15.426708698272705,0.5457705405305527,0.4505458844148597,0.7842375671393323,0.6389704187177719,0.9083795936597591,0.19224360585212708,0.18356953561306,0.16255557537078857,0.49896531976763203,0.1472020298242569,0.10533806681632996,15.279462814331055,16.43851661682129,17.098108291625977,17.464595794677734,17.676239013671875,0.04373618039050917,0.0895693752513684
18.0,Powder,uniform,0.1,20.47125244140625,0.4794964066850661,18.66288459300995,0.43481061405207705,0.3542670334005771,0.3743528112219869,0.19515063487530415,0.5507337871461687,0.5237343907356262,0.6169289350509644,0.48117801547050476,0.24012705121464273,0.09657996147871017,0.06650206446647644,18.617511749267578,19.507877349853516,19.99036407470703,20.25790786743164,20.400007247924805,0.03574122844254726,0.04992602163873559
18.0,Powder,uniform,0.3,22.563518524169922,0.6181732293147889,20.607535004615784,0.5920320163028452,0.49764713264501703,0.6139425736712045,0.49979359428062564,0.8455502411271042,0.4089511036872864,0.4507591426372528,0.38583284616470337,0.25029211031426096,0.07697725296020508,0.05550632253289223,20.583345413208008,21.52442741394043,22.077980041503906,22.3637752532959,22.508089065551758,0.028596698749999545,0.04030627828490159
18.0,Powder,partial_raster,0.1,19.401639938354492,0.41629199315118964,17.465898752212524,0.382899887866491,0.29624122917157536,0.2809783874216093,0.17304743398561273,0.6758867909724737,0.5135336518287659,0.5649769306182861,0.4340915083885193,0.2822570411060209,0.11032538115978241,0.07917270064353943,17.470914840698242,18.408672332763672,19.008743286132812,19.26789093017578,19.376510620117188,0.039645274044753626,0.057612426891200635
18.0,Powder,partial_raster,0.3,22.5400390625,0.6128088457949455,20.646501421928406,0.5807864697331215,0.4931198828897229,0.568336874613023,0.4491993535927239,0.7460435305273937,0.453473836183548,0.4885004460811615,0.40861159563064575,0.2535560480543298,0.07823627442121506,0.053878623992204666,20.61399269104004,21.45705223083496,21.96672821044922,22.26679039001465,22.409269332885742,0.028925782789954113,0.040907339119406645
18.0,Powder,line_hop,0.1,19.00152015686035,0.3958347015614757,16.946736454963684,0.35816526169905566,0.28995786835868304,0.21704003471007569,0.1288472144992118,0.46744737286129157,0.5448508858680725,0.6370024085044861,0.5165899991989136,0.3229868963196325,0.11728794127702713,0.08366481959819794,16.969406127929688,17.890989303588867,18.396760940551758,18.72378158569336,18.878562927246094,0.0385670096876077,0.061502815737157636
18.0,Powder,line_hop,0.3,21.69863510131836,0.5877583283940147,19.67654573917389,0.5551235449758197,0.45690099701657444,0.5850390304583647,0.4197654354977593,0.8189987382730717,0.42271482944488525,0.4764147400856018,0.40235212445259094,0.3163946122829058,0.08881177008152008,0.0646265372633934,19.723133087158203,20.559757232666016,21.1544246673584,21.492319107055664,21.646785736083984,0.02960970978035289,0.04773929672069747
19.0,Tips,uniform,0.1,25.762205123901367,0.788851556182387,24.256610989570618,0.7722397655507,0.7448107151188814,0.4762379099294811,0.2031156015364119,0.3760298010304695,0.21584583818912506,0.2586660385131836,0.2091664969921112,0.7102927101798342,0.0530320405960083,0.021442150697112083,24.341962814331055,24.99709701538086,25.329750061035156,25.48863410949707,25.56885528564453,0.00779760612332208,0.039709972114303244
19.0,Tips,uniform,0.3,27.623464584350586,0.8406956126691295,25.779553413391113,0.833698351206654,0.7891393752847046,0.7279962959254367,0.4589689412430777,0.7267926488097859,0.16477762162685394,0.18387585878372192,0.1664983034133911,0.6920866532924915,0.041971512138843536,0.020909948274493217,25.84163475036621,26.706024169921875,27.291866302490234,27.584365844726562,27.708045959472656,0.005817589623060871,0.031239455367735557
19.0,Tips,partial_raster,0.1,25.405168533325195,0.7810777912731122,23.562837958335876,0.7687237637876426,0.7285096281691246,0.4109003189002187,0.2255030320846051,0.6383816480007307,0.2102179080247879,0.24519188702106476,0.1995011568069458,0.7447723505213909,0.0552438460290432,0.025997014716267586,23.47532081604004,24.31349754333496,24.8699951171875,25.165739059448242,25.315753936767578,0.0072678239921320645,0.04126364875328248
19.0,Tips,partial_raster,0.3,27.572832107543945,0.8388715073094597,25.596373796463013,0.8318083209029289,0.7821744101931786,0.6761982956310671,0.4746629678781245,0.8659700925517244,0.16768980026245117,0.18007439374923706,0.17571526765823364,0.6781650804370962,0.042953576892614365,0.02164370007812977,25.504789352416992,26.561185836791992,27.1384334564209,27.441537857055664,27.60347557067871,0.005978475998744756,0.03189736663010558
19.0,Tips,line_hop,0.1,25.280902862548828,0.7833017401863874,23.4253888130188,0.7686354904426147,0.7292578773158531,0.43921792677044597,0.2265991138261514,0.5422532819595459,0.21460439264774323,0.2432629019021988,0.2015414983034134,0.7467289127600856,0.056040506809949875,0.026441771537065506,23.336593627929688,24.176998138427734,24.67523193359375,25.056671142578125,25.1951904296875,0.006938764819697698,0.04218353011345499
19.0,Tips,line_hop,0.3,27.201644897460938,0.8325511975051085,25.156052231788635,0.8261378690001158,0.779326041505679,0.7467670601673042,0.48974742263951637,0.944305983668871,0.17042499780654907,0.1801256686449051,0.16043034195899963,0.6813520834531757,0.045159511268138885,0.023606205359101295,25.101341247558594,26.1102294921875,26.71839141845703,27.05084228515625,27.303417205810547,0.006043313201940396,0.033669442032627284
