slice,dwell_us,frac,time,method,outside_training,psnr,r
2,0.5,0.25,0.25,biharmonic,,18.720639458269275,0.5484442100104697
2,0.5,0.25,0.25,unet,False,19.444123239416378,0.6388161056953381
2,0.5,0.5,0.5,biharmonic,,18.364956831166793,0.49103591772496363
2,0.5,0.5,0.5,unet,True,19.546420786640518,0.6495117823192531
2,0.5,1.0,1.0,raw,,18.048506505603175,0.4286671090714295
2,1.0,0.125,0.25,biharmonic,,19.622531214506846,0.657197945651086
2,1.0,0.125,0.25,unet,False,19.732528180811983,0.6679198388173427
2,1.0,0.25,0.5,biharmonic,,19.695040233605848,0.6643155445968985
2,1.0,0.25,0.5,unet,False,19.88866016892883,0.6824043691843497
2,1.0,0.5,1.0,biharmonic,,19.415706358360264,0.6357674807767979
2,1.0,0.5,1.0,unet,True,19.897889452320463,0.6832349677493065
2,2.0,0.0625,0.25,biharmonic,,19.175897408202594,0.6085853534044569
2,2.0,0.0625,0.25,unet,False,19.328261718708532,0.6261647956483354
2,2.0,0.125,0.5,biharmonic,,20.3394349530353,0.7199684627261227
2,2.0,0.125,0.5,unet,False,20.50854014566188,0.732631162455445
2,2.0,0.25,1.0,biharmonic,,20.846698799272417,0.7559434170153745
2,2.0,0.25,1.0,unet,False,21.046011618413573,0.7685529223585762
19,0.5,0.25,0.25,biharmonic,,18.22285406888408,0.5947985247595642
19,0.5,0.25,0.25,unet,False,18.880714079432487,0.6667977393257929
19,0.5,0.5,0.5,biharmonic,,17.77228293619787,0.5321096186648077
19,0.5,0.5,0.5,unet,True,18.900497822132078,0.6686878488413324
19,0.5,1.0,1.0,raw,,17.41352706509426,0.47054086492910924
19,1.0,0.125,0.25,biharmonic,,19.659832137846813,0.7320026614101446
19,1.0,0.125,0.25,unet,False,19.692385513321963,0.7343665161039015
19,1.0,0.25,0.5,biharmonic,,19.694771072513618,0.7345387491665429
19,1.0,0.25,0.5,unet,False,19.891174122344808,0.7482690813169272
19,1.0,0.5,1.0,biharmonic,,19.400672816343985,0.7122400756049441
19,1.0,0.5,1.0,unet,True,19.947917032336026,0.7520766410905698
19,2.0,0.0625,0.25,biharmonic,,18.635001130931684,0.6420991175561317
19,2.0,0.0625,0.25,unet,False,18.922326839224283,0.6707572582704012
19,2.0,0.125,0.5,biharmonic,,19.967226117019628,0.7533566744948434
19,2.0,0.125,0.5,unet,False,20.103539858718044,0.7621739091927104
19,2.0,0.25,1.0,biharmonic,,20.427195280604714,0.7816688313222986
19,2.0,0.25,1.0,unet,False,20.58123498257099,0.7902920643406162
36,0.5,0.25,0.25,biharmonic,,17.814371990919447,0.6979440344238628
36,0.5,0.25,0.25,unet,False,18.8242021568131,0.7704094228014454
36,0.5,0.5,0.5,biharmonic,,17.12289416717618,0.631353086313043
36,0.5,0.5,0.5,unet,True,18.97336225239198,0.779265042904874
36,0.5,1.0,1.0,raw,,16.537458419948827,0.5584083121279801
36,1.0,0.125,0.25,biharmonic,,19.273307024835493,0.7959041725765665
36,1.0,0.125,0.25,unet,False,19.30936170481446,0.7978056181195456
36,1.0,0.25,0.5,biharmonic,,19.4669796630926,0.8058845819773836
36,1.0,0.25,0.5,unet,False,19.71021329658463,0.8176450390018656
36,1.0,0.5,1.0,biharmonic,,19.05303648044375,0.7838325748503425
36,1.0,0.5,1.0,unet,True,19.873694723539796,0.8250990909069742
36,2.0,0.0625,0.25,biharmonic,,18.113890671580787,0.7220145202410094
36,2.0,0.0625,0.25,unet,False,18.483371973727486,0.7485627836671743
36,2.0,0.125,0.5,biharmonic,,20.505886375580978,0.8509004661687676
36,2.0,0.125,0.5,unet,False,20.80012361592668,0.8614576788362327
36,2.0,0.25,1.0,biharmonic,,21.858758044459634,0.8932509548599193
36,2.0,0.25,1.0,unet,False,22.22203597396436,0.9022832043337
54,0.5,0.25,0.25,biharmonic,,17.656295949538105,0.6922945760201261
54,0.5,0.25,0.25,unet,False,18.746015788794566,0.7712511102954901
54,0.5,0.5,0.5,biharmonic,,16.95983079316462,0.6234544472899016
54,0.5,0.5,0.5,unet,True,18.947639114563824,0.7830763758172762
54,0.5,1.0,1.0,raw,,16.404746370172308,0.5525847886889683
54,1.0,0.125,0.25,biharmonic,,19.119797772538774,0.7926168549939235
54,1.0,0.125,0.25,unet,False,19.168244794070798,0.7952141383281303
54,1.0,0.25,0.5,biharmonic,,19.235066156871024,0.7987357041618117
54,1.0,0.25,0.5,unet,False,19.499979386492114,0.8120353865558465
54,1.0,0.5,1.0,biharmonic,,18.684533805797003,0.767496949302477
54,1.0,0.5,1.0,unet,True,19.445284143335474,0.8093731097749951
54,2.0,0.0625,0.25,biharmonic,,18.084104568793155,0.7267196382254841
54,2.0,0.0625,0.25,unet,False,18.46387432541537,0.7534137416453668
54,2.0,0.125,0.5,biharmonic,,20.896820916109412,0.8678010511206774
54,2.0,0.125,0.5,unet,False,21.300665476349458,0.8803433019906792
54,2.0,0.25,1.0,biharmonic,,22.963608325911053,0.9200982243788892
54,2.0,0.25,1.0,unet,False,23.45971257758351,0.9290544830425771
71,0.5,0.25,0.25,biharmonic,,17.790685501383333,0.6818287321109131
71,0.5,0.25,0.25,unet,False,18.7010718663975,0.7523865849998491
71,0.5,0.5,0.5,biharmonic,,17.12548328995776,0.6134479418344125
71,0.5,0.5,0.5,unet,True,18.871946364253102,0.7634307894264627
71,0.5,1.0,1.0,raw,,16.585072150372948,0.5419186659941914
71,1.0,0.125,0.25,biharmonic,,19.496286719428753,0.799179465489064
71,1.0,0.125,0.25,unet,False,19.467205992966214,0.7976592773799616
71,1.0,0.25,0.5,biharmonic,,19.574018095990578,0.8031794111306878
71,1.0,0.25,0.5,unet,False,19.868583303613377,0.8175393938265124
71,1.0,0.5,1.0,biharmonic,,19.078394723542743,0.7760113176196193
71,1.0,0.5,1.0,unet,True,19.911658148532062,0.8195386617958326
71,2.0,0.0625,0.25,biharmonic,,18.465621844672835,0.7361465979320299
71,2.0,0.0625,0.25,unet,False,18.77383208115528,0.7571622477762646
71,2.0,0.125,0.5,biharmonic,,21.184745714639593,0.8689493520358876
71,2.0,0.125,0.5,unet,False,21.51642123750854,0.8792507564091822
71,2.0,0.25,1.0,biharmonic,,22.845734076952446,0.9126416843050675
71,2.0,0.25,1.0,unet,False,23.33505258745379,0.9223440196598892
88,0.5,0.25,0.25,biharmonic,,17.765377803515563,0.6940138465738344
88,0.5,0.25,0.25,unet,False,18.589366109506443,0.7558005257254283
88,0.5,0.5,0.5,biharmonic,,17.08443125232649,0.6274264555542913
88,0.5,0.5,0.5,unet,True,18.844746002143165,0.7718292058165764
88,0.5,1.0,1.0,raw,,16.49522214511038,0.5527754442282512
88,1.0,0.125,0.25,biharmonic,,19.5476296110883,0.8100188797020504
88,1.0,0.125,0.25,unet,False,19.576396026864018,0.8114189735801358
88,1.0,0.25,0.5,biharmonic,,19.846095983645245,0.823995779168012
88,1.0,0.25,0.5,unet,False,20.15664883941796,0.8373312355287055
88,1.0,0.5,1.0,biharmonic,,19.254963863558793,0.7950842779227659
88,1.0,0.5,1.0,unet,True,20.133156864414744,0.8363626768502096
88,2.0,0.0625,0.25,biharmonic,,18.8532349321226,0.7723404532701613
88,2.0,0.0625,0.25,unet,False,19.26579966115656,0.7956605061272752
88,2.0,0.125,0.5,biharmonic,,21.11214166999295,0.871864985391262
88,2.0,0.125,0.5,unet,False,21.381578998862803,0.8801004488417065
88,2.0,0.25,1.0,biharmonic,,23.081000769490675,0.9206383217049252
88,2.0,0.25,1.0,unet,False,23.57845111311194,0.9295543159267141
105,0.5,0.25,0.25,biharmonic,,17.96403027127986,0.6786505361591789
105,0.5,0.25,0.25,unet,False,18.57346967874666,0.7288299991576989
105,0.5,0.5,0.5,biharmonic,,17.27403154894789,0.6063652333223333
105,0.5,0.5,0.5,unet,True,18.860691589312932,0.7491293775985544
105,0.5,1.0,1.0,raw,,16.74037869156113,0.5338585548680551
105,1.0,0.125,0.25,biharmonic,,20.364904330230882,0.8304522361080988
105,1.0,0.125,0.25,unet,False,20.360179496935533,0.8302488143287875
105,1.0,0.25,0.5,biharmonic,,20.702411932675126,0.8443080159138472
105,1.0,0.25,0.5,unet,False,20.92054688156818,0.8525973933985933
105,1.0,0.5,1.0,biharmonic,,20.093269832818446,0.818303044157525
105,1.0,0.5,1.0,unet,True,21.21781932686229,0.8631274348018078
105,2.0,0.0625,0.25,biharmonic,,18.715507879459462,0.7391060229506338
105,2.0,0.0625,0.25,unet,False,19.044193374634954,0.7611500190307345
105,2.0,0.125,0.5,biharmonic,,21.408025779161367,0.8694346186458454
105,2.0,0.125,0.5,unet,False,21.691612809264413,0.8782628139083761
105,2.0,0.25,1.0,biharmonic,,22.97595578954965,0.9109796582592545
105,2.0,0.25,1.0,unet,False,23.401985436698,0.9196626616856229
122,0.5,0.25,0.25,biharmonic,,17.933502659247736,0.6589731109605225
122,0.5,0.25,0.25,unet,False,18.69197431317546,0.7245030176690013
122,0.5,0.5,0.5,biharmonic,,17.30091107438855,0.5878213512702088
122,0.5,0.5,0.5,unet,True,18.951743205278504,0.7432958988205115
122,0.5,1.0,1.0,raw,,16.80458111406789,0.5160400056168333
122,1.0,0.125,0.25,biharmonic,,20.12690384854708,0.8115299563491234
122,1.0,0.125,0.25,unet,False,20.042050354980677,0.8073689044488509
122,1.0,0.25,0.5,biharmonic,,20.176962904233303,0.8139371302394476
122,1.0,0.25,0.5,unet,False,20.431631533645266,0.8256608251389044
122,1.0,0.5,1.0,biharmonic,,19.635028541828596,0.785899116450873
122,1.0,0.5,1.0,unet,True,20.640330533595,0.8346551223958489
122,2.0,0.0625,0.25,biharmonic,,18.977536070407268,0.7450763031280154
122,2.0,0.0625,0.25,unet,False,19.225461160130223,0.761461194520643
122,2.0,0.125,0.5,biharmonic,,21.49518949854027,0.8665165439275982
122,2.0,0.125,0.5,unet,False,21.72387928898992,0.8738598941632679
122,2.0,0.25,1.0,biharmonic,,22.938609946835655,0.9062576941849103
122,2.0,0.25,1.0,unet,False,23.42574109752676,0.9166588863699326
140,0.5,0.25,0.25,biharmonic,,18.096689384008986,0.6564762404693704
140,0.5,0.25,0.25,unet,False,18.8727836124195,0.7239347489396005
140,0.5,0.5,0.5,biharmonic,,17.487518743805776,0.5876008874306023
140,0.5,0.5,0.5,unet,True,19.11208981855247,0.7413476256173203
140,0.5,1.0,1.0,raw,,16.97991616094853,0.5139057648105253
140,1.0,0.125,0.25,biharmonic,,20.020815265507274,0.7966385187975039
140,1.0,0.125,0.25,unet,False,20.108499467395326,0.8012089197383561
140,1.0,0.25,0.5,biharmonic,,20.742849825528992,0.8310210488844405
140,1.0,0.25,0.5,unet,False,21.050231554612246,0.8436455113280272
140,1.0,0.5,1.0,biharmonic,,20.145131291742878,0.8030835747790044
140,1.0,0.5,1.0,unet,True,21.257214411045588,0.8515597203115832
140,2.0,0.0625,0.25,biharmonic,,18.89875416788428,0.7258918603476752
140,2.0,0.0625,0.25,unet,False,19.160060559407526,0.744677069551502
140,2.0,0.125,0.5,biharmonic,,21.169753236879384,0.8482704820257468
140,2.0,0.125,0.5,unet,False,21.50175453041056,0.8603500424992815
140,2.0,0.25,1.0,biharmonic,,23.016863000836103,0.9037233915004356
140,2.0,0.25,1.0,unet,False,23.512335335213237,0.9145914640066054
157,0.5,0.25,0.25,biharmonic,,18.10265783180712,0.6347903870582872
157,0.5,0.25,0.25,unet,False,18.976984608047395,0.7154225501628245
157,0.5,0.5,0.5,biharmonic,,17.528238974095643,0.5643854274847439
157,0.5,0.5,0.5,unet,True,19.096450931467388,0.7246206399393653
157,0.5,1.0,1.0,raw,,17.065021802976382,0.4917598607981967
157,1.0,0.125,0.25,biharmonic,,20.44424191973581,0.8073328245185334
157,1.0,0.125,0.25,unet,False,20.43172383649608,0.8067100793448665
157,1.0,0.25,0.5,biharmonic,,20.64124677899111,0.8168409083786676
157,1.0,0.25,0.5,unet,False,20.996138808631745,0.8326708071994039
157,1.0,0.5,1.0,biharmonic,,20.066678602893155,0.7875015472622447
157,1.0,0.5,1.0,unet,True,21.188704501121876,0.8406193372515954
157,2.0,0.0625,0.25,biharmonic,,18.86775506528346,0.706679366436242
157,2.0,0.0625,0.25,unet,False,19.318521907600278,0.7407761614067866
157,2.0,0.125,0.5,biharmonic,,21.675558319880302,0.8589241915829138
157,2.0,0.125,0.5,unet,False,21.918385051884183,0.8671859622736422
157,2.0,0.25,1.0,biharmonic,,23.008850802476633,0.8983744031573766
157,2.0,0.25,1.0,unet,False,23.538653113821837,0.9106221422684188
174,0.5,0.25,0.25,biharmonic,,18.006260059740228,0.6763801938532208
174,0.5,0.25,0.25,unet,False,18.77802369986596,0.738794021994536
174,0.5,0.5,0.5,biharmonic,,17.296750207753185,0.6010068868214524
174,0.5,0.5,0.5,unet,True,18.909573539338965,0.7479089274743305
174,0.5,1.0,1.0,raw,,16.75985847899113,0.5264510300885118
174,1.0,0.125,0.25,biharmonic,,20.87110598226107,0.8482372059239374
174,1.0,0.125,0.25,unet,False,20.7332790811249,0.8428890230700878
174,1.0,0.25,0.5,biharmonic,,21.430692023989977,0.8679955471217055
174,1.0,0.25,0.5,unet,False,21.684007304652777,0.8760066124818292
174,1.0,0.5,1.0,biharmonic,,20.735151329183132,0.8429630469283023
174,1.0,0.5,1.0,unet,True,22.109133340998156,0.8883010606415558
174,2.0,0.0625,0.25,biharmonic,,19.021605154758163,0.7553734570964897
174,2.0,0.0625,0.25,unet,False,19.22202231601596,0.7680853626823093
174,2.0,0.125,0.5,biharmonic,,21.70520940223893,0.8766529660691161
174,2.0,0.125,0.5,unet,False,21.87999176662302,0.8818454383956487
174,2.0,0.25,1.0,biharmonic,,23.0318334829993,0.91074176913531
174,2.0,0.25,1.0,unet,False,23.50300994520724,0.9203181441533591
191,0.5,0.25,0.25,biharmonic,,18.034414926176183,0.6794552285432411
191,0.5,0.25,0.25,unet,False,18.77564536207308,0.7390042459903362
191,0.5,0.5,0.5,biharmonic,,17.340829973806052,0.6069913798608287
191,0.5,0.5,0.5,unet,True,18.95577748169342,0.751377048065591
191,0.5,1.0,1.0,raw,,16.78988340810075,0.5319912154762313
191,1.0,0.125,0.25,biharmonic,,20.45662808986856,0.8317437977985254
191,1.0,0.125,0.25,unet,False,20.478965129463894,0.832693731381664
191,1.0,0.25,0.5,biharmonic,,21.38780726733517,0.8667617234062474
191,1.0,0.25,0.5,unet,False,21.645097825284253,0.8749760815622779
191,1.0,0.5,1.0,biharmonic,,20.69035051190152,0.841395105628248
191,1.0,0.5,1.0,unet,True,22.060988418737825,0.8871246275117496
191,2.0,0.0625,0.25,biharmonic,,18.941836041681587,0.7504448181600567
191,2.0,0.0625,0.25,unet,False,19.229790858239866,0.7688900180250428
191,2.0,0.125,0.5,biharmonic,,21.184335558043692,0.8598520787576607
191,2.0,0.125,0.5,unet,False,21.36160809304382,0.8658931235639921
191,2.0,0.25,1.0,biharmonic,,22.767777494921383,0.9049764479722582
191,2.0,0.25,1.0,unet,False,23.123755353273758,0.912813244775018
209,0.5,0.25,0.25,biharmonic,,18.305002907117437,0.6779396969815118
209,0.5,0.25,0.25,unet,False,19.093838986514804,0.7411880953256099
209,0.5,0.5,0.5,biharmonic,,17.62679033213208,0.6068485781278266
209,0.5,0.5,0.5,unet,True,19.327468660390046,0.7569422430312756
209,0.5,1.0,1.0,raw,,17.079730132239703,0.5324090216032599
209,1.0,0.125,0.25,biharmonic,,21.191437777639308,0.849696315278014
209,1.0,0.125,0.25,unet,False,21.18302790480255,0.84937915187501
209,1.0,0.25,0.5,biharmonic,,21.941052177413663,0.8752472641878373
209,1.0,0.25,0.5,unet,False,22.322485260791062,0.8864130276532411
209,1.0,0.5,1.0,biharmonic,,21.281073254333187,0.8530317030501215
209,1.0,0.5,1.0,unet,True,22.869589244581213,0.9006053606109575
209,2.0,0.0625,0.25,biharmonic,,19.306088168086994,0.7555488391984087
209,2.0,0.0625,0.25,unet,False,19.68490298430732,0.7789097313615019
209,2.0,0.125,0.5,biharmonic,,22.33902115150532,0.8868722293214598
209,2.0,0.125,0.5,unet,False,22.61643241788045,0.8942879233404456
209,2.0,0.25,1.0,biharmonic,,24.433508179958018,0.9317810359014378
209,2.0,0.25,1.0,unet,False,24.963719027735248,0.9398731285850263
226,0.5,0.25,0.25,biharmonic,,18.167478893914726,0.6517314162898037
226,0.5,0.25,0.25,unet,False,19.019933348281935,0.7261372544590383
226,0.5,0.5,0.5,biharmonic,,17.565499610958767,0.5824327951613673
226,0.5,0.5,0.5,unet,True,19.236773004455962,0.7418210827747337
226,0.5,1.0,1.0,raw,,17.081309838758195,0.5111708982944598
226,1.0,0.125,0.25,biharmonic,,20.175063881298982,0.7985471568620036
226,1.0,0.125,0.25,unet,False,20.171674818332825,0.7983700327748019
226,1.0,0.25,0.5,biharmonic,,20.726802793496972,0.825169082976001
226,1.0,0.25,0.5,unet,False,21.083554228409188,0.8402787967490568
226,1.0,0.5,1.0,biharmonic,,20.205999397445616,0.8001557812722759
226,1.0,0.5,1.0,unet,True,21.409125254000905,0.8528173992917467
226,2.0,0.0625,0.25,biharmonic,,18.663471144801875,0.6977377605150388
226,2.0,0.0625,0.25,unet,False,19.0765114821629,0.730338166571473
226,2.0,0.125,0.5,biharmonic,,21.291170509428778,0.848404028283711
226,2.0,0.125,0.5,unet,False,21.583556411592117,0.8590886843567067
226,2.0,0.25,1.0,biharmonic,,23.016978269286696,0.9009310820381735
226,2.0,0.25,1.0,unet,False,23.573691688931767,0.9134190480595994
243,0.5,0.25,0.25,biharmonic,,18.030983470147916,0.6409748185713736
243,0.5,0.25,0.25,unet,False,18.790301843265706,0.7108821589493376
243,0.5,0.5,0.5,biharmonic,,17.459334053388176,0.5726824519399653
243,0.5,0.5,0.5,unet,True,19.025960628259618,0.7290260259035143
243,0.5,1.0,1.0,raw,,16.98391556003431,0.5002203547858793
243,1.0,0.125,0.25,biharmonic,,20.201410640828566,0.8016081782803212
243,1.0,0.125,0.25,unet,False,20.24016108934385,0.8035861170484258
243,1.0,0.25,0.5,biharmonic,,20.62189405068964,0.8219239453148985
243,1.0,0.25,0.5,unet,False,21.003993935611444,0.8383818803524472
243,1.0,0.5,1.0,biharmonic,,20.108707041810536,0.7967836309277038
243,1.0,0.5,1.0,unet,True,21.26477440405011,0.8486459714619969
243,2.0,0.0625,0.25,biharmonic,,18.95402677677746,0.7236394329237864
243,2.0,0.0625,0.25,unet,False,19.16410574434928,0.7390180230705854
243,2.0,0.125,0.5,biharmonic,,21.28930418256921,0.84957394845029
243,2.0,0.125,0.5,unet,False,21.58195149286233,0.8601779961503386
243,2.0,0.25,1.0,biharmonic,,22.96187206590519,0.900391865955025
243,2.0,0.25,1.0,unet,False,23.565210178472476,0.9139245414633252
260,0.5,0.25,0.25,biharmonic,,17.903938478820468,0.6666381301072866
260,0.5,0.25,0.25,unet,False,18.620381819423947,0.7272552634805721
260,0.5,0.5,0.5,biharmonic,,17.28929320807184,0.5999486750963908
260,0.5,0.5,0.5,unet,True,18.90904343394332,0.7477932648829372
260,0.5,1.0,1.0,raw,,16.76087768089436,0.5264264566790977
260,1.0,0.125,0.25,biharmonic,,20.219524116703475,0.8209836824991552
260,1.0,0.125,0.25,unet,False,20.23062924460964,0.821490538073418
260,1.0,0.25,0.5,biharmonic,,20.628081809290613,0.8386195059017106
260,1.0,0.25,0.5,unet,False,21.010835533572955,0.8534130476722963
260,1.0,0.5,1.0,biharmonic,,20.11922978483274,0.8163322939516232
260,1.0,0.5,1.0,unet,True,21.315881931505103,0.8641424442214005
260,2.0,0.0625,0.25,biharmonic,,18.745214775094755,0.7363753647129256
260,2.0,0.0625,0.25,unet,False,18.978202342010054,0.752435207823314
260,2.0,0.125,0.5,biharmonic,,21.082599504882435,0.8560177308636677
260,2.0,0.125,0.5,unet,False,21.27757862273656,0.8628433439266547
260,2.0,0.25,1.0,biharmonic,,22.288795246177685,0.8930686116094734
260,2.0,0.25,1.0,unet,False,22.771869346587327,0.904920406545
277,0.5,0.25,0.25,biharmonic,,18.082785771114413,0.6537475634583712
277,0.5,0.25,0.25,unet,False,18.897249941668704,0.724778536911863
277,0.5,0.5,0.5,biharmonic,,17.462663389483787,0.5826643645658411
277,0.5,0.5,0.5,unet,True,19.215543865377573,0.747562731871573
277,0.5,1.0,1.0,raw,,16.967381321044922,0.509616470693837
277,1.0,0.125,0.25,biharmonic,,20.12940015420969,0.8015997041983213
277,1.0,0.125,0.25,unet,False,20.02950711391385,0.7963951878630192
277,1.0,0.25,0.5,biharmonic,,20.274755670759784,0.8089050086371284
277,1.0,0.25,0.5,unet,False,20.66017808242298,0.8268511279767857
277,1.0,0.5,1.0,biharmonic,,19.701543109168295,0.7781742230029636
277,1.0,0.5,1.0,unet,True,20.733639687583086,0.8300532183635734
277,2.0,0.0625,0.25,biharmonic,,18.862203517896926,0.7221203203402686
277,2.0,0.0625,0.25,unet,False,19.02254451801438,0.7340322274660849
277,2.0,0.125,0.5,biharmonic,,21.344522738833422,0.8542822278281983
277,2.0,0.125,0.5,unet,False,21.538711785132897,0.8611699699938449
277,2.0,0.25,1.0,biharmonic,,22.85522072586573,0.8995456311561378
277,2.0,0.25,1.0,unet,False,23.432901661917327,0.9126601046502484
295,0.5,0.25,0.25,biharmonic,,18.135644026639575,0.6409370110013639
295,0.5,0.25,0.25,unet,False,19.054856567567285,0.7233218191193226
295,0.5,0.5,0.5,biharmonic,,17.534262891207906,0.5685886076204671
295,0.5,0.5,0.5,unet,True,19.36641172553005,0.74578921189555
295,0.5,1.0,1.0,raw,,17.05788121469012,0.4948133494448663
295,1.0,0.125,0.25,biharmonic,,20.37072222894229,0.8048776765854966
295,1.0,0.125,0.25,unet,False,20.303427206122578,0.8014540434098824
295,1.0,0.25,0.5,biharmonic,,20.535046142418967,0.8129601801914698
295,1.0,0.25,0.5,unet,False,20.868257831366385,0.8282199485510361
295,1.0,0.5,1.0,biharmonic,,19.94834505532793,0.7822124917198662
295,1.0,0.5,1.0,unet,True,21.084249101714832,0.8373680436854626
295,2.0,0.0625,0.25,biharmonic,,19.025607713396383,0.7210911367620714
295,2.0,0.0625,0.25,unet,False,19.270551737588647,0.7391189781360531
295,2.0,0.125,0.5,biharmonic,,21.407732246401995,0.85007862943799
295,2.0,0.125,0.5,unet,False,21.586569473787215,0.8566348800165889
295,2.0,0.25,1.0,biharmonic,,22.56799236824196,0.8875032405969338
295,2.0,0.25,1.0,unet,False,23.042284063474312,0.8997944115184515
312,0.5,0.25,0.25,biharmonic,,18.16630813587154,0.657424395626679
312,0.5,0.25,0.25,unet,False,18.98550491556002,0.7278826464509053
312,0.5,0.5,0.5,biharmonic,,17.53986401299436,0.5866043130009779
312,0.5,0.5,0.5,unet,True,19.192204993204996,0.7427430514437496
312,0.5,1.0,1.0,raw,,17.04150872598413,0.514151659540188
312,1.0,0.125,0.25,biharmonic,,20.22555965594325,0.8041151977441884
312,1.0,0.125,0.25,unet,False,20.317500994915164,0.8087052385424682
312,1.0,0.25,0.5,biharmonic,,20.57042639025729,0.8207184762395413
312,1.0,0.25,0.5,unet,False,20.914586875324,0.8357319844041838
312,1.0,0.5,1.0,biharmonic,,19.97720620024581,0.7910770856508689
312,1.0,0.5,1.0,unet,True,21.093067043492404,0.8429647144814657
312,2.0,0.0625,0.25,biharmonic,,19.154881480902542,0.7401335281703012
312,2.0,0.0625,0.25,unet,False,19.34325280086211,0.7529888621378689
312,2.0,0.125,0.5,biharmonic,,21.262131643211816,0.8494935969473946
312,2.0,0.125,0.5,unet,False,21.44512961488243,0.8562271466858785
312,2.0,0.25,1.0,biharmonic,,22.594266212032373,0.8917228430777169
312,2.0,0.25,1.0,unet,False,23.049971877874583,0.9030909723101973
329,0.5,0.25,0.25,biharmonic,,18.06258642765622,0.6498951509106922
329,0.5,0.25,0.25,unet,False,18.93169133047218,0.7260355247806307
329,0.5,0.5,0.5,biharmonic,,17.456158438017,0.5794846394121629
329,0.5,0.5,0.5,unet,True,19.346084269740402,0.7550908009806976
329,0.5,1.0,1.0,raw,,16.970904566000794,0.507231907422638
329,1.0,0.125,0.25,biharmonic,,20.05006706228613,0.7965450309568377
329,1.0,0.125,0.25,unet,False,20.10311303179167,0.799325558610184
329,1.0,0.25,0.5,biharmonic,,20.426754155006392,0.8153840667893023
329,1.0,0.25,0.5,unet,False,20.79947261629353,0.8321144774892104
329,1.0,0.5,1.0,biharmonic,,19.886927438434103,0.7877134587102389
329,1.0,0.5,1.0,unet,True,21.022388527202143,0.8413108835985356
329,2.0,0.0625,0.25,biharmonic,,19.013357968529853,0.7320769082332798
329,2.0,0.0625,0.25,unet,False,19.228803635086024,0.7472591594229182
329,2.0,0.125,0.5,biharmonic,,21.260788372344607,0.8505359480987116
329,2.0,0.125,0.5,unet,False,21.574807725061067,0.8618029995972045
329,2.0,0.25,1.0,biharmonic,,22.826703849404314,0.8984095658384864
329,2.0,0.25,1.0,unet,False,23.36825749600903,0.9109060896080026
2,0.5,0.25,0.25,tv_l2,,20.040394856994975,0.6957166803282837
2,0.5,0.5,0.5,tv_l2,,21.08598971972105,0.770989154563746
2,2.0,0.25,1.0,tv_l2,,21.010920902832222,0.7663895000535083
19,0.5,0.25,0.25,tv_l2,,19.5984359343826,0.7274745997180664
2,1.0,0.25,0.5,tv_l2,,20.53609733186052,0.7346281872273915
2,1.0,0.5,1.0,tv_l2,,20.49755709748905,0.7318301729160659
19,1.0,0.5,1.0,tv_l2,,20.544565811343006,0.7882754301418774
19,2.0,0.0625,0.25,tv_l2,,18.668154823558964,0.6455700710780494
19,1.0,0.125,0.25,tv_l2,,19.68429846714859,0.7337816400495014
19,1.0,0.25,0.5,tv_l2,,20.305676264240255,0.7745760784157547
36,0.5,0.25,0.25,tv_l2,,19.921503650361046,0.8272141502779654
36,0.5,0.5,0.5,tv_l2,,22.007669363592548,0.8970560347913143
2,0.5,1.0,1.0,tv_l2,,21.02558103794466,0.7672961994491841
2,1.0,0.125,0.25,tv_l2,,19.83115219036885,0.6771656430840469
19,0.5,0.5,0.5,tv_l2,,20.560530980803392,0.7891561673422867
19,0.5,1.0,1.0,tv_l2,,20.65136159029001,0.7940876289773643
36,0.5,1.0,1.0,tv_l2,,22.73904668004362,0.9137709997770558
36,1.0,0.125,0.25,tv_l2,,19.294967580750114,0.7970489393150776
19,2.0,0.125,0.5,tv_l2,,19.91290373939687,0.7497353497110151
19,2.0,0.25,1.0,tv_l2,,20.555445150332336,0.7888760595644171
36,2.0,0.0625,0.25,tv_l2,,18.015339396435103,0.7143655252569459
36,2.0,0.125,0.5,tv_l2,,20.23671421631994,0.8404678046591063
36,1.0,0.25,0.5,tv_l2,,20.489984819468475,0.8503054166480216
36,1.0,0.5,1.0,tv_l2,,20.916909152084465,0.8654200266916549
2,2.0,0.0625,0.25,tv_l2,,19.259932148106287,0.6184190015691882
2,2.0,0.125,0.5,tv_l2,,20.352810661981906,0.7209963321394638
54,0.5,0.5,0.5,tv_l2,,21.80252262583022,0.8941801438435059
54,0.5,1.0,1.0,tv_l2,,22.48381422739878,0.9103075267906046
36,2.0,0.25,1.0,tv_l2,,21.779798839367217,0.8911729500481657
54,0.5,0.25,0.25,tv_l2,,19.852740646926804,0.8282350210203745
71,0.5,1.0,1.0,tv_l2,,22.629176789037363,0.9079493730437083
71,1.0,0.125,0.25,tv_l2,,19.451543993836275,0.7968351128854856
54,1.0,0.5,1.0,tv_l2,,20.497682619428335,0.8539964013130761
54,2.0,0.0625,0.25,tv_l2,,17.887615744087814,0.7115348217333008
71,1.0,0.25,0.5,tv_l2,,20.66639376436729,0.8508957801886532
71,1.0,0.5,1.0,tv_l2,,21.013519992388886,0.8632633160492466
71,0.5,0.25,0.25,tv_l2,,19.95443482671397,0.8214998188003351
71,0.5,0.5,0.5,tv_l2,,21.851762361962386,0.8887879525878304
54,2.0,0.125,0.5,tv_l2,,20.495338113693528,0.8539108173502877
54,2.0,0.25,1.0,tv_l2,,22.89660382722512,0.9188010567065259
54,1.0,0.125,0.25,tv_l2,,19.09634980628308,0.7913462526133289
54,1.0,0.25,0.5,tv_l2,,20.30484849842673,0.8467702898249208
88,0.5,0.5,0.5,tv_l2,,22.184677001034064,0.9014626182536403
88,0.5,1.0,1.0,tv_l2,,22.89379553833998,0.9169846664082526
71,2.0,0.25,1.0,tv_l2,,22.74646499372507,0.9105227639477347
88,0.5,0.25,0.25,tv_l2,,20.106124201540116,0.8352402331761976
71,2.0,0.0625,0.25,tv_l2,,18.300787958372325,0.724010489183352
71,2.0,0.125,0.5,tv_l2,,20.825957291178195,0.8567258776065869
88,1.0,0.5,1.0,tv_l2,,21.403703922165874,0.8807509792209728
88,2.0,0.0625,0.25,tv_l2,,18.740005929094245,0.7654094768114089
88,1.0,0.125,0.25,tv_l2,,19.57324764727878,0.8112663074082718
88,1.0,0.25,0.5,tv_l2,,21.04597548195978,0.869750745232327
105,0.5,0.25,0.25,tv_l2,,20.157414333385134,0.8212573695838662
105,0.5,0.5,0.5,tv_l2,,22.131243105410576,0.8907069971959898
105,1.0,0.25,0.5,tv_l2,,21.692779514596246,0.8782977790282258
105,1.0,0.5,1.0,tv_l2,,22.60617983279517,0.9026433717650217
88,2.0,0.125,0.5,tv_l2,,20.742084869498775,0.8595435563132735
88,2.0,0.25,1.0,tv_l2,,23.081532955554387,0.9206484651988627
105,0.5,1.0,1.0,tv_l2,,22.95809579674915,0.9105948107638081
105,1.0,0.125,0.25,tv_l2,,20.294520215259357,0.827393650698549
122,0.5,0.5,0.5,tv_l2,,21.940828106989187,0.8804252883100665
122,0.5,1.0,1.0,tv_l2,,22.517564953437883,0.8961645326723643
105,2.0,0.25,1.0,tv_l2,,23.02593314030468,0.9120473470116813
122,0.5,0.25,0.25,tv_l2,,20.083484286188597,0.8094135752082613
105,2.0,0.0625,0.25,tv_l2,,18.583224201773067,0.729551201232055
105,2.0,0.125,0.5,tv_l2,,21.223258402063646,0.8633123090279755
122,1.0,0.5,1.0,tv_l2,,21.84920613266852,0.877698506043441
122,2.0,0.0625,0.25,tv_l2,,18.8316267735463,0.7348053157280288
140,0.5,0.25,0.25,tv_l2,,20.090199797377394,0.8002648253600594
140,0.5,0.5,0.5,tv_l2,,22.131337745706126,0.8804894474928956
122,1.0,0.125,0.25,tv_l2,,20.07069750358058,0.8087852067109499
122,1.0,0.25,0.5,tv_l2,,21.269806102676796,0.8588245340146128
140,0.5,1.0,1.0,tv_l2,,22.815862877635304,0.8989070340464224
140,1.0,0.125,0.25,tv_l2,,19.935005008870835,0.7920492518825963
140,1.0,0.25,0.5,tv_l2,,21.690250369938337,0.8667392565300045
140,1.0,0.5,1.0,tv_l2,,22.51490118425764,0.8912121053681865
122,2.0,0.125,0.5,tv_l2,,21.22283872417919,0.857161709883567
122,2.0,0.25,1.0,tv_l2,,22.94907019578269,0.9064948389393098
157,0.5,0.5,0.5,tv_l2,,21.917424258817576,0.8671543255988169
157,0.5,1.0,1.0,tv_l2,,22.543559789518408,0.8861486560956914
140,2.0,0.25,1.0,tv_l2,,23.009673126408714,0.9035553579419148
157,0.5,0.25,0.25,tv_l2,,19.95155628723206,0.7809963225712041
140,2.0,0.0625,0.25,tv_l2,,18.750801301558113,0.7145100976601966
140,2.0,0.125,0.5,tv_l2,,20.792261753112257,0.8331244102550727
157,1.0,0.5,1.0,tv_l2,,22.420612604608664,0.8826626454017323
157,2.0,0.0625,0.25,tv_l2,,18.76658902640703,0.6982818906672813
174,0.5,0.25,0.25,tv_l2,,20.321052461687053,0.8256105369086713
174,0.5,0.5,0.5,tv_l2,,22.319308633156474,0.8938921504089559
157,1.0,0.125,0.25,tv_l2,,20.380557891104477,0.8041408680713912
157,1.0,0.25,0.5,tv_l2,,21.569029604179608,0.855124829432747
174,0.5,1.0,1.0,tv_l2,,23.04781628388817,0.9110856537294251
174,1.0,0.125,0.25,tv_l2,,20.784712513064004,0.8449086789588399
157,2.0,0.125,0.5,tv_l2,,21.389831550662798,0.8484791691780754
157,2.0,0.25,1.0,tv_l2,,22.991191733282346,0.897936810377949
174,1.0,0.25,0.5,tv_l2,,22.400103254003906,0.8959615763293214
174,1.0,0.5,1.0,tv_l2,,23.658739458990237,0.9232416153122537
191,0.5,0.5,0.5,tv_l2,,22.388914081983884,0.8958134613613058
191,0.5,1.0,1.0,tv_l2,,23.10886272631514,0.9124993980021042
174,2.0,0.25,1.0,tv_l2,,23.14330000656609,0.9131112825263191
191,0.5,0.25,0.25,tv_l2,,20.41615358982963,0.83000722763707
191,1.0,0.5,1.0,tv_l2,,23.5673976585708,0.9216414300629976
191,2.0,0.0625,0.25,tv_l2,,18.920073354499202,0.7489812709016697
209,0.5,0.25,0.25,tv_l2,,20.538391039187456,0.8227222469719034
209,0.5,0.5,0.5,tv_l2,,22.808528953114845,0.8991191511079273
174,2.0,0.0625,0.25,tv_l2,,18.897033739128503,0.747056654888862
174,2.0,0.125,0.5,tv_l2,,21.43724014207189,0.8682095246782252
191,1.0,0.125,0.25,tv_l2,,20.45951579939127,0.8318669405669594
191,1.0,0.25,0.5,tv_l2,,22.338571401549217,0.8945271587930008
191,2.0,0.125,0.5,tv_l2,,20.927335874313783,0.8505618702127025
191,2.0,0.25,1.0,tv_l2,,22.828093455509936,0.906354795154594
209,1.0,0.25,0.5,tv_l2,,22.766149752287763,0.8980738164120199
209,1.0,0.5,1.0,tv_l2,,24.5042017932099,0.932922124311418
209,0.5,1.0,1.0,tv_l2,,23.599504061068455,0.9166871082610039
209,1.0,0.125,0.25,tv_l2,,21.035010178125845,0.8436749941817399
226,0.5,0.5,0.5,tv_l2,,22.187998128595833,0.8786750449670695
226,0.5,1.0,1.0,tv_l2,,22.96022066721605,0.8995551572865433
209,2.0,0.25,1.0,tv_l2,,24.278464342110603,0.9292072950135618
226,0.5,0.25,0.25,tv_l2,,20.10557419501582,0.7948795879326085
209,2.0,0.0625,0.25,tv_l2,,19.167943085220053,0.7463135272745484
209,2.0,0.125,0.5,tv_l2,,21.841213415694245,0.8721338467171064
243,0.5,0.25,0.25,tv_l2,,19.950551530239448,0.7882398409279975
243,0.5,0.5,0.5,tv_l2,,21.89340834864663,0.8705778687152435
226,1.0,0.5,1.0,tv_l2,,22.54918458876693,0.8889651761431897
226,2.0,0.0625,0.25,tv_l2,,18.671635417179676,0.6984280679070269
226,1.0,0.125,0.25,tv_l2,,20.025402432015298,0.7905529724186736
226,1.0,0.25,0.5,tv_l2,,21.60660267051039,0.8598952477034185
243,0.5,1.0,1.0,tv_l2,,22.39067750028822,0.885492870036253
243,1.0,0.125,0.25,tv_l2,,20.111840470660308,0.7969488719618909
226,2.0,0.125,0.5,tv_l2,,20.975863953754867,0.8358760889624874
226,2.0,0.25,1.0,tv_l2,,23.018793944188577,0.9009747672750449
243,1.0,0.25,0.5,tv_l2,,21.53508140661732,0.8585359571221299
243,1.0,0.5,1.0,tv_l2,,22.47339675444963,0.8877899299503824
260,0.5,0.5,0.5,tv_l2,,22.027368764202823,0.8860090323709222
260,0.5,1.0,1.0,tv_l2,,22.724612164029434,0.903824848829978
243,2.0,0.25,1.0,tv_l2,,22.9714526469288,0.9006234716061768
260,0.5,0.25,0.25,tv_l2,,19.93131942061304,0.80724675939279
243,2.0,0.0625,0.25,tv_l2,,18.812562412372966,0.7126586558947593
243,2.0,0.125,0.5,tv_l2,,20.93925660424414,0.8357165185577876
260,1.0,0.5,1.0,tv_l2,,22.559339747101625,0.8998872765637884
260,2.0,0.0625,0.25,tv_l2,,18.62014783265967,0.727237812496395
260,1.0,0.125,0.25,tv_l2,,20.149560077805262,0.8177530843859798
260,1.0,0.25,0.5,tv_l2,,21.50217087424686,0.8702734434664319
277,0.5,0.25,0.25,tv_l2,,19.911940586709843,0.7900688752595209
277,0.5,0.5,0.5,tv_l2,,21.966938073808638,0.8751431427529648
277,0.5,1.0,1.0,tv_l2,,22.62056245190403,0.8936377580959445
277,1.0,0.125,0.25,tv_l2,,19.945566913974716,0.7919010346288164
260,2.0,0.125,0.5,tv_l2,,20.81104411656277,0.845886114316392
260,2.0,0.25,1.0,tv_l2,,22.3451619764612,0.8945288544091636
277,1.0,0.25,0.5,tv_l2,,21.188817283523843,0.848489809765131
277,1.0,0.5,1.0,tv_l2,,21.88325073117594,0.8725366801042856
295,0.5,0.5,0.5,tv_l2,,21.947918205728488,0.8689498616553318
295,0.5,1.0,1.0,tv_l2,,22.550793740761065,0.8870284373771362
277,2.0,0.25,1.0,tv_l2,,22.840950559902097,0.8991964843503977
295,0.5,0.25,0.25,tv_l2,,19.976103982350363,0.7837916683009558
277,2.0,0.0625,0.25,tv_l2,,18.635981165851774,0.7041803963623097
277,2.0,0.125,0.5,tv_l2,,20.994730704245598,0.8409131582087405
295,1.0,0.5,1.0,tv_l2,,22.235898883670387,0.8779454139467813
295,2.0,0.0625,0.25,tv_l2,,18.9118504238663,0.7122026841914115
312,0.5,0.25,0.25,tv_l2,,20.19382514743169,0.8025019994538597
312,0.5,0.5,0.5,tv_l2,,22.217274658328684,0.881246096071768
295,1.0,0.125,0.25,tv_l2,,20.208328775540735,0.7964987093569629
295,1.0,0.25,0.5,tv_l2,,21.563426591587067,0.8558043685635575
312,1.0,0.25,0.5,tv_l2,,21.56993100384181,0.8606305017401609
312,1.0,0.5,1.0,tv_l2,,22.27160045437959,0.8828203938637014
312,0.5,1.0,1.0,tv_l2,,22.877332363358754,0.898940688147579
312,1.0,0.125,0.25,tv_l2,,20.19955218732676,0.802794241598446
295,2.0,0.125,0.5,tv_l2,,21.145499594599094,0.8398630720390204
295,2.0,0.25,1.0,tv_l2,,22.64771179558332,0.889676423941517
329,0.5,0.5,0.5,tv_l2,,21.895779714678447,0.8723729329298509
329,0.5,1.0,1.0,tv_l2,,22.579417740410218,0.8920984690939792
312,2.0,0.25,1.0,tv_l2,,22.711358664906022,0.8947728126826708
329,0.5,0.25,0.25,tv_l2,,19.835663212022943,0.784847904694353
312,2.0,0.0625,0.25,tv_l2,,19.048484178882706,0.7325178266629286
312,2.0,0.125,0.5,tv_l2,,21.040350060582927,0.840865674666404
329,1.0,0.5,1.0,tv_l2,,22.087034653590273,0.8782538123960082
329,2.0,0.0625,0.25,tv_l2,,18.83997152694659,0.7190512240851792
329,1.0,0.125,0.25,tv_l2,,19.926171199936316,0.7898774304628132
329,1.0,0.25,0.5,tv_l2,,21.321723238751666,0.8527983656083729
329,2.0,0.125,0.5,tv_l2,,21.018191531128814,0.8411429663844917
329,2.0,0.25,1.0,tv_l2,,22.830609991430197,0.898506056097418
