dwell_us,slice,snr,noise_var,mean,corr_along,corr_across,band0,band1,band2,band3,band4,band5,band6,band7
0.25,0,0.1043419411443873,3264.618343891094,126.4699928391519,-0.2634920885271404,0.03591458508870617,0.563783207638528,0.4728805757030179,0.6750716424637127,0.9123412404257947,1.1403712174035274,1.313556671725006,1.4306333667622742,1.4876920477117404
0.25,11,0.1340486903750122,3167.4903373342368,126.35366571275966,-0.3048364026159511,0.006519582056568597,0.3573282277089006,0.46102759880712907,0.6900622878003366,0.941684342401573,1.1728870269814753,1.3536297570373914,1.4802268372743652,1.538746301403461
0.25,22,0.12208815375082752,3198.0512108051616,126.60579367593694,-0.2891604085152365,0.01661484979973821,0.4359131677098795,0.4670292081959068,0.6855409818297902,0.932973322809024,1.154702071507933,1.3367340977721223,1.4637089340410543,1.5192493839620795
0.25,33,0.13208226514646185,3164.5160962809236,124.79380684823191,-0.3041768225628039,0.005868873687999063,0.3479161526614208,0.469928930284496,0.6967537011636877,0.942983026145708,1.1705136079224392,1.3507658267707499,1.4747813911499998,1.5419088149010698
0.25,44,0.12721798179718272,3174.12989012476,124.77664208588828,-0.30172764962886633,0.0075537689032043765,0.36618748699229053,0.46923661649172754,0.6898474360887397,0.9392291673941608,1.1710223149292025,1.3493680410867313,1.4759579594830718,1.5348020671256377
0.25,55,0.12797955703310737,3155.0504575675627,124.57109629049741,-0.308857927632197,0.001231227485888838,0.3322887899988434,0.4623461621564109,0.6939241834467121,0.9481809539419498,1.1718050412548733,1.3598100751841484,1.4790009019469128,1.548090938924586
0.25,66,0.12076364585628581,3168.582359954129,124.00872720179716,-0.3059725980393691,0.00456289940157129,0.3454200241659098,0.46286850075997765,0.6939145791677788,0.9436387890580062,1.1782227315356444,1.3521355371866939,1.4754359154673162,1.543891170733976
0.25,77,0.1244735905105193,3157.555689865763,123.94123555393807,-0.3085605295495278,0.0013787188352276302,0.3278070219068451,0.46329272073944916,0.6951561410415746,0.9520960165138296,1.176299694424323,1.356629426664948,1.4802728296335845,1.5438957657519077
0.25,88,0.11950687823120089,3161.3616672576313,123.61615170525059,-0.3069580519548339,0.002642078178665233,0.3386253016878765,0.4621432073235575,0.6941008262874236,0.9470756618264616,1.1798345966833526,1.3537035272342486,1.478956080471356,1.5410822852101567
0.25,99,0.11860146090964438,3163.3891278398182,122.86887956945891,-0.3060665705626354,0.0046948458128822515,0.3396533478708564,0.47097806361345923,0.6921872698276345,0.947630445562736,1.1712328025877585,1.351822165955425,1.4775857820783258,1.544396117339564
0.25,110,0.11355602392990713,3172.4984362881155,122.74779905377312,-0.3077073335658603,0.0029129948941985866,0.3412653001703994,0.46206539944014535,0.6918424217997147,0.9416388725512181,1.1775993577887938,1.3567508191769917,1.4772014045145037,1.547152103675419
0.25,121,0.11787804859975204,3158.7771954688333,122.68999189659054,-0.30996916993540014,0.0017551165678193602,0.32871239841980315,0.4610615494561761,0.6913508301085001,0.9473347317441622,1.1784205218617387,1.3559881098117537,1.484906525167495,1.5476838782924212
0.25,132,0.11395974699191647,3163.824400296429,123.19065234409773,-0.3079553800900574,0.0030627718006748807,0.33431306778557157,0.4630553774207496,0.6920424488555749,0.9472548706092001,1.1803999896225066,1.3575984219468562,1.4800402032873952,1.5408178887350439
0.25,143,0.11320280942128264,3167.891959188026,122.95472530881976,-0.30804273678766103,0.00161843420566527,0.33596477669643265,0.46385094392192505,0.6931557313263679,0.9449702296231425,1.1732177203358496,1.35699681278476,1.4861834161786183,1.5412000909623949
0.25,154,0.11263269184576838,3168.699214012032,123.40615427111207,-0.31003400385915936,0.0014116491934397831,0.3331973807048736,0.45963811557076967,0.6922862009690586,0.9436072440782108,1.1749570160300638,1.3549416756483152,1.4883129546019502,1.5485442609742581
0.25,165,0.10996905365099605,3166.4209323236105,123.36844494394379,-0.3108137391363855,0.0017075549244275874,0.325827739192258,0.45860531221224815,0.6927565606641398,0.9454154339692828,1.1822493475902691,1.3591950998201496,1.4829090937511182,1.5485099869208088
0.25,176,0.1105241754221873,3166.149453117478,123.42146892951212,-0.3097190639200588,0.001631833557900133,0.3285844633701928,0.45856304890049127,0.694237177801087,0.9513740456870234,1.1765940769462975,1.3571609212592533,1.4803330753349233,1.5485665794608423
0.25,187,0.10915443641080563,3167.5962740610844,122.84719673088303,-0.31124332699823637,0.0012248081316879886,0.32278534222381494,0.46025182779206075,0.6943331009896646,0.9446987899289742,1.1795295419872294,1.3597294304658032,1.4839693987856717,1.5501625554835459
0.25,198,0.10753872379024157,3169.4650318784234,123.34054447318675,-0.3104047229536714,0.00041154102664541284,0.3291208556111726,0.46010965434371415,0.6937544284633337,0.9461180840932436,1.1736741638682184,1.3550580077766694,1.4839981386135015,1.5535822603999339
0.25,209,0.10433123544599338,3171.711447887177,122.8783199105614,-0.3074782831615304,0.0027378027041765987,0.33850070005880023,0.4648671488996368,0.6928411894756594,0.9448923045790297,1.1734071041607392,1.3575559619701776,1.4782128259962293,1.5452262642284673
0.25,220,0.10687069946738745,3173.0573285113173,123.38024921584132,-0.30787261543708944,0.0030346456741666052,0.3378473467166013,0.4595272312362835,0.69039490279117,0.9483871654726423,1.1811769372103023,1.3559940934472143,1.4807221245562334,1.5414562225328063
0.25,231,0.1083086265361991,3166.1147072026033,122.66777133985097,-0.3108390911123139,0.000967743825913131,0.32354606448756884,0.4587329661493145,0.6949911926979809,0.9481151582805384,1.1779618982837299,1.3608668678115972,1.4836116437581652,1.547626123378273
0.25,242,0.10404734324309194,3171.8549227572726,123.09193246024223,-0.3096598449722583,0.0025305265793506104,0.33293744970477984,0.4592884757960674,0.690274627346583,0.9460337981625258,1.1779456228467875,1.3570298947214705,1.4867810541326698,1.5452023238759192
0.25,253,0.10433289008647494,3168.5005515407474,123.42051884075426,-0.3113765992221275,0.0013449508816841909,0.3232052425289745,0.4595426211502955,0.6927833763565739,0.9457983963056023,1.1797195407270362,1.3595390119106123,1.4903249479066702,1.5445879062104177
0.25,264,0.102270552608307,3174.453786977928,123.67499273442286,-0.30827025798842356,0.0017722809037234329,0.3333303572490356,0.46054861693690874,0.6931438399322858,0.948989384561601,1.178132064047614,1.35989370810267,1.4844063851440237,1.5370961437659738
0.25,275,0.10269735865392998,3169.6808717803697,123.31784870842911,-0.31113763050063137,0.0016659598263608542,0.32558171358420496,0.4606211291975297,0.6926391672699219,0.9435986359927165,1.179818875619765,1.3546112199190172,1.4857008628991206,1.5528736043221738
0.25,286,0.10399223460105844,3172.4016616682748,123.60091232084788,-0.31080774713537895,0.0020818609592536987,0.32670194995717994,0.4582649857735341,0.6937820347569537,0.9455370603842383,1.1796821687838497,1.35725106585938,1.4812364905990953,1.552970777483313
0.25,297,0.1020281781776278,3169.2634420370964,122.8392582696668,-0.3107815087046607,0.0006981374907032293,0.3218469446827136,0.46113773677352754,0.6948248491889315,0.9483073072418128,1.1764926115693852,1.362543249853197,1.481975643807682,1.5483154844816167
0.25,308,0.10062608219872915,3175.0602615197836,122.90884253465222,-0.30853553571555914,0.0031417209570618184,0.3428810995110085,0.46013333049042243,0.6918519340059412,0.9403433173261843,1.1705370293326955,1.3542805393243242,1.4857616617541498,1.5497151391136255
0.25,319,0.10661108819206104,3161.796701042842,122.77832887798543,-0.3107530428345117,0.0023394047658561942,0.32576755329972,0.46110529193831257,0.696330504810521,0.9450907736612287,1.1715480915977468,1.359138163115903,1.4859086311780751,1.550563701634313
0.25,330,0.10337432337316318,3173.2609689699657,123.22970678487084,-0.3091279806322158,0.0021491913563340855,0.3331869397835082,0.459852649495633,0.6929438393457005,0.9437830010961196,1.1804742486203186,1.3577833769273857,1.4823001408242142,1.545189814770728
0.5,0,0.4136549160235672,1694.9194615514693,126.10986894469784,-0.13013849678072575,0.11946192253545294,1.2205474178766522,0.567377912452616,0.6188359183563018,0.798679715116827,0.992260279160774,1.1628015394598452,1.286500108978628,1.351618228382763
0.5,11,0.5310403341643188,1535.775154411054,125.68284577601601,-0.24948282259864496,0.02885468626072925,0.6048347316316481,0.5499793612577872,0.6715256259367521,0.8749607935256197,1.0918540556762966,1.2863867180251194,1.4198817544417217,1.4971629799320492
0.5,22,0.4888008145645857,1585.47851775576,126.15414609177405,-0.21061589814682052,0.06142767308213227,0.8141476249374979,0.5531728199948858,0.6521875850056107,0.8489014929912542,1.0582291730420017,1.2436161886771526,1.3811260644936012,1.4459143186411858
0.5,33,0.5355780936869234,1530.2413199388106,123.47903062800769,-0.2532478046607575,0.027271804976930762,0.5482415100970509,0.5788942773923597,0.6815817025636879,0.8832184542249911,1.0968333901438931,1.287903196382328,1.425770299835799,1.4940955727818455
0.5,44,0.5310529213972506,1525.4170468938657,123.48585470678488,-0.2575637861227912,0.02284279145783072,0.5523455316210915,0.5490229558394601,0.6773140297860867,0.8873619805863293,1.109777140758844,1.2917162170289513,1.427968652504907,1.5009311693974152
0.5,55,0.5242638120096038,1506.056087083865,123.03364420403311,-0.27760491152098715,0.008287020384770796,0.4746209831478359,0.5310717651787136,0.6757617865099796,0.893429106363279,1.1187672341738661,1.314219499307407,1.459987810287107,1.528272988473675
0.5,66,0.49958105001815395,1515.7726740678074,122.52662441286282,-0.2673969219044972,0.015039976167077787,0.5184397294863491,0.5316751502348137,0.6775988330867594,0.8940799238786569,1.1124238955835521,1.3078109612557802,1.4445692157892582,1.5096979069160696
0.5,77,0.5066643069948699,1501.8126731472455,122.07274970021312,-0.2832866020919027,0.004294656439337599,0.44090144235996054,0.533559344119142,0.6801530466461321,0.8934433555737874,1.1269771700032798,1.3205399132662754,1.464059704989055,1.5364223014185854
0.5,88,0.4938169528619496,1510.3747314456089,121.78392435421456,-0.27472270357806505,0.01044985105583832,0.48345339608906956,0.533529537941256,0.6785491982531385,0.8936886939170674,1.1171812687773623,1.3130150600229908,1.4538321160558603,1.5229285523717977
0.5,99,0.5022638110780536,1499.2202885628483,121.01175288921239,-0.2821905129204334,0.004190079277337757,0.43677380953235817,0.5333883292499988,0.6860886563282368,0.9016070945904173,1.1301372490123216,1.3133883840967202,1.4597358964335057,1.5348761473441972
0.5,110,0.4825277267569926,1510.6511125470604,120.41697343547905,-0.27583316939472285,0.007241069184288747,0.47092838247693974,0.5349651538385155,0.6832667605965259,0.8968230256001294,1.1207839269305493,1.3113641758982224,1.4506794948229649,1.5272980606958222
0.5,121,0.48878867554374744,1503.0019624687063,120.54334178583959,-0.2823252348424681,0.0032127049564383624,0.4382502380244965,0.5348003429051339,0.6833150171255645,0.9004166293038748,1.1234647600116465,1.320849137807325,1.4633290557825385,1.5316112604181178
0.5,132,0.47868359564745266,1507.4913912070813,121.10659714403909,-0.2792087264258889,0.0064321959004522405,0.45883342165708785,0.5339151491590737,0.6813195357647824,0.8961969405727027,1.1190525428691735,1.3154631401712702,1.4582352883621443,1.533045973061797
0.5,143,0.4831401091691994,1502.5425829182475,120.95633813603256,-0.28457926788167015,0.003256001946297445,0.4289000290663279,0.5302537240292264,0.683869092866128,0.904161061895046,1.1274291013442006,1.3236151681066353,1.4632898426318512,1.5344579524064421
0.5,154,0.47218682810911095,1512.9222293297769,121.61551514905561,-0.2785329588041316,0.007249234252120299,0.46203389357777086,0.5338665255785485,0.6771892214027231,0.8968355801684598,1.124943520758972,1.3161515830612327,1.4573658401753633,1.5277188405910629
0.5,165,0.46554901486807393,1505.4446037598675,121.42672632730967,-0.28661091571205344,0.0020576087483531484,0.4205887428548738,0.5288819077191504,0.6838775912514254,0.9025107858701088,1.1307382211921566,1.3264308294337137,1.4647670087988494,1.5381620428910883
0.5,176,0.4628972223499423,1511.219737668844,121.63099410113684,-0.27904385131174325,0.008798856941874503,0.4644483020722846,0.526103166741343,0.678984254412678,0.9003255715991102,1.1219013441835644,1.3184156831107574,1.4546185501455624,1.5312437759225737
0.5,187,0.45848908610432165,1506.7510146911795,121.06266854829842,-0.2839430695849342,0.004144827326089987,0.43746146211778064,0.5313980547182653,0.6771758661451537,0.9016537281418192,1.1269884003965926,1.3240241083920627,1.4623221277805998,1.534970525212731
0.5,198,0.4313112284817305,1515.805034028671,121.4695398860548,-0.2772923647852119,0.008567378157197351,0.4663370503038202,0.5349214848708274,0.6787512422275275,0.8978787767225587,1.1226163421646222,1.3121049436353214,1.4561606703582268,1.5273285054767363
0.5,209,0.45347685226400425,1504.3191091011215,120.60578647581545,-0.28547130220558126,0.002993392394479397,0.4254635849114708,0.5314120744212578,0.6836961209148236,0.9031642733549861,1.1277251015271665,1.3180197458694423,1.4661864775470783,1.5402644678646027
0.5,220,0.4473712270916016,1515.5446934053948,121.37179856416486,-0.2774009849483363,0.008200875744441005,0.4725700923388476,0.5287138601596029,0.6798499969243869,0.8941653687657849,1.1225466323622422,1.3138028387100553,1.4533769895379933,1.5310729522013893
0.5,231,0.46014256732109293,1502.5900592269006,120.73893963156324,-0.2873354603774571,0.0023960838139628422,0.42198397694992323,0.5271722396066244,0.6818623507256756,0.9018263550957146,1.1289688489561114,1.3257999173899864,1.469848410878836,1.5384982253471953
0.5,242,0.43351413898000346,1517.5463130323906,121.14169577261231,-0.2769958891577518,0.008702018400438218,0.47076443877541174,0.5314307392635793,0.679287584133458,0.8965476773182168,1.1221911786423118,1.3159407947144168,1.4529491575445512,1.5270026468178144
0.5,253,0.43778154990701723,1509.0384575364135,121.66604232885966,-0.2867506572464621,0.002636662093656554,0.42699322369350545,0.52757548444646,0.679723495167374,0.9008534194084796,1.129390955837075,1.3231459829804495,1.4655726139800367,1.5426757495421193
0.5,264,0.431043356286836,1515.3006080818693,121.66570163220209,-0.2795057429625432,0.00798338328825983,0.4581907053397781,0.5323105960511069,0.6793077911951448,0.8977503746052213,1.1202041392714903,1.3217851209398799,1.4535356102550254,1.5329641529155569
0.5,275,0.4325014613873431,1513.1143894527927,121.44875935361236,-0.2826567779452964,0.0057655794832552395,0.4360648461333457,0.536898784737776,0.6807181621210853,0.9027828662593865,1.1247086712598915,1.3190205807292588,1.461842082705532,1.5339572163054223
0.5,286,0.4388414250252065,1515.1029239365876,121.99913631269996,-0.28259417997978575,0.006654643650998578,0.449667900427395,0.5264745248907851,0.6784037818610917,0.8990990254113693,1.1243751363758763,1.317366945296135,1.4653794755492908,1.5352483716826062
0.5,297,0.4293193080217175,1510.1733186077233,120.9947396566982,-0.28458485722080057,0.003528980171546114,0.4354817587232686,0.5281292678664484,0.6817222930443921,0.8991256498435419,1.1263966796586278,1.3239159689527285,1.4662787801718222,1.534967099452056
0.5,308,0.419797019559222,1522.1018261744437,121.05583530573026,-0.27279683744999433,0.012467654208321419,0.496444772568354,0.5312482859164824,0.6748188835896731,0.8920134022373217,1.117300695705463,1.311997646167275,1.4509198196401425,1.5214631314806297
0.5,319,0.4394333157062715,1511.3106998084115,120.83360093784854,-0.282799126149149,0.0062891986824178524,0.4385886640568795,0.5360249228161394,0.6812668916863349,0.8975932808443831,1.1248321454179124,1.3218367976880736,1.4587982559005093,1.5370712932040016
0.5,330,0.4303516700301868,1517.8513568112046,121.70804456482466,-0.27745113641377145,0.0088783885701216,0.47283460483619427,0.5321559454808779,0.6752675969743707,0.894060460407377,1.1236109372625396,1.311421756897401,1.4557579743512319,1.5309911675700312
0.75,0,0.6646318085503036,1024.0485898363202,126.23385634579434,0.011441680000292793,0.20589915362530367,1.8565257986858792,0.6574806192487966,0.6103337056055358,0.7178470051041305,0.8636540716831438,1.007173117543937,1.1131801439008115,1.1747905151065652
0.75,11,0.9491181431131339,842.5945642915973,126.22510983458048,-0.20003584413491424,0.04225338649088436,0.7761374562236353,0.5960715025554859,0.710434949835688,0.8583069408905896,1.04928564210954,1.2266611692202103,1.3564623440087682,1.4240495684647496
0.75,22,0.815662332009452,916.7637052962623,126.60351091014772,-0.10504237071116734,0.1159957067666654,1.2276173714686105,0.6614395498155503,0.6771467455439616,0.7958727588344812,0.9606145759270917,1.1278427654019032,1.2442004543478233,1.3043463374106241
0.75,33,1.0050032584346464,822.9991435153435,123.81177704234719,-0.22818158203049047,0.02001827355672839,0.604458730387255,0.6094745165543786,0.729555697159705,0.8819806003038259,1.0720439816091345,1.2520179924309411,1.387439922356023,1.4598921122941682
0.75,44,0.9309086451980508,844.8081260605595,123.6609956982547,-0.1980241504334207,0.04208416168647267,0.7740108338949455,0.610715377529694,0.7071673253878286,0.8611879151055598,1.0470119685805193,1.2213828003802538,1.3508178338221675,1.425079637477171
0.75,55,0.9187317395281889,836.9942371141007,123.32687798805041,-0.21192729190537976,0.031385889176463115,0.658521000550371,0.6379530447290601,0.7328271053152843,0.8737081756137283,1.0558036879981476,1.234690454359908,1.3656866597936979,1.4379506166647709
0.75,66,0.9030629721500721,832.629031252171,122.63124086893684,-0.21762664561134792,0.027420917765537546,0.6690099288548064,0.5994712861747934,0.7262081487497511,0.8738015611105683,1.0617578837098425,1.2427780444491594,1.3763999839275018,1.4476243018950854
0.75,77,0.9255097885238207,817.9057239351625,122.40125622483231,-0.24022958633129432,0.009966288112572438,0.550485604004724,0.594504756786466,0.7358350359808383,0.8911728305006981,1.0830609142277579,1.2656354993150094,1.402626211903175,1.4733350383924027
0.75,88,0.8941218145267225,827.7143531671628,122.10911751383732,-0.22766239621194712,0.020033841588311927,0.6296250615953048,0.5974631449712322,0.7169684006447942,0.8774258742683085,1.0726198061000505,1.2517689911074865,1.3878877152141986,1.4631167617316518
0.75,99,0.9043119490061923,819.5775970931654,120.95855511889364,-0.23608921935322882,0.011340929913456237,0.5612386934058621,0.6001756735703881,0.7391138423533252,0.890772007503989,1.082939228489759,1.2628450389362564,1.3948077222665487,1.464845249828618
0.75,110,0.8626810823582722,830.0630783912233,120.72869484052386,-0.22539296887822804,0.021284994840214125,0.6294695826120323,0.5977487007123382,0.7276981265449716,0.8826088720279189,1.0661716642381527,1.2493043492695217,1.3922532076407628,1.451678639054464
0.75,121,0.867939783322709,827.4176298761259,120.78223527116967,-0.22852456820283915,0.017711118287156106,0.5910547880233071,0.6157948125141135,0.7358567994114471,0.8844970454108928,1.074673510192649,1.246728979053263,1.3873889420034689,1.4608369218562978
0.75,132,0.8609688653880212,825.7030647886422,121.29632394524766,-0.23075243900310388,0.016166284216947758,0.5963463874153708,0.5999414407089841,0.7319030634277992,0.8854517069124942,1.0735582481243175,1.2562652125024598,1.3939410976136866,1.4594288019293664
0.75,143,0.8424795779058178,831.6591878649059,121.0947892720808,-0.2250853017564235,0.024170961597798243,0.593809660026311,0.6327755428231207,0.735349996193915,0.8854446117749979,1.06432218013635,1.2449636265989485,1.3871760069317387,1.4530528938119847
0.75,154,0.8559648313052675,823.2791943938873,121.38123432337186,-0.23702480202380413,0.013149869871155052,0.5737994212208766,0.5947565548111632,0.7286509979281892,0.8874594434192475,1.0770427684134256,1.2620687872244947,1.4012815549979853,1.4716459272991291
0.75,165,0.8343039447925601,822.4184424572579,121.5866226979248,-0.24006272552858499,0.010693772300240044,0.5558503058264419,0.5976697571738506,0.7260734788458977,0.8910077613364573,1.0834163083643842,1.2686197485647108,1.3975551544055675,1.476436437784333
0.75,176,0.8355667661355802,824.7419756198574,121.71263464227178,-0.23499497127210375,0.015114218201846588,0.5818396716756644,0.5982997659533918,0.7291147104227003,0.8856945612499004,1.0721655284660472,1.2596286753570323,1.3991732962132113,1.470813078371941
0.75,187,0.8394080828635273,816.1307016285797,121.16338221124894,-0.24709110009439453,0.005482858467931758,0.5197201914949693,0.5958295424225535,0.7295314162670393,0.8951805499449929,1.090669628627851,1.2706021312935176,1.4102831737266597,1.4846982397118027
0.75,198,0.8017927335358591,823.7209435855422,121.69857280501024,-0.23779803849597655,0.013008588740270922,0.5736573918467366,0.5941004235414908,0.7231983797784861,0.8878448207642095,1.0819300781629297,1.2644993070252581,1.4008302092662208,1.4706504422475875
0.75,209,0.8190384727127754,818.0285166917746,120.73904632427252,-0.24490986288701416,0.0072528515182488295,0.5213945033009086,0.6001938365513211,0.7370268838996413,0.8941019764219013,1.081360551898714,1.2741778963018944,1.408653298547289,1.4796620255374187
0.75,220,0.8005327316779723,827.9054405770174,121.61491164796381,-0.23024350030258173,0.018897360495497544,0.6064262002548415,0.5966156616440235,0.7254238483705387,0.8881162031784323,1.0737419975003875,1.2525645494854476,1.3909848612159992,1.4629062885182502
0.75,231,0.823357603940823,819.5277198699905,121.07910086192,-0.24401591701669378,0.007702701397454871,0.5282741909834959,0.5962579706144956,0.7357751893911568,0.8941701582213152,1.0869151162348996,1.2744416472786688,1.4070675031513893,1.4737230570123425
0.75,242,0.7784882407836664,829.9982221988924,121.34117710204274,-0.2297173782939192,0.018574691782394823,0.6050794601627633,0.6036145977996832,0.727341415868714,0.8788610449522047,1.0697390821156096,1.2604600963082557,1.3941612281778286,1.457655764437059
0.75,253,0.7965775510721512,820.3189641981007,121.88173309542387,-0.24409025644850132,0.007842016305557717,0.5365827726447345,0.5938304306165965,0.7287382258589487,0.8928638866592246,1.0864474811343026,1.2755969366558335,1.4025674982556122,1.4799524349489832
0.75,264,0.7806090093852446,825.3014259045053,121.85541894234143,-0.23756066226907357,0.014801252669498275,0.5714125470506628,0.5923098892741598,0.7315522590553561,0.885752251819463,1.080948134864641,1.2586938095255096,1.4045594809385067,1.4714941376599628
0.75,275,0.7773758124006578,825.8204966495712,121.57847739685499,-0.23764235235091294,0.014149231581792166,0.5459585925029542,0.6160731032216353,0.7404522170423212,0.8840546203424151,1.0767098923588025,1.258304074828633,1.3978335136835738,1.4772988168709194
0.75,286,0.7863544156335278,827.4153868258547,122.09268912755473,-0.2321642121695869,0.0164391856397401,0.5987852728658268,0.5986679342718791,0.7225899972451703,0.8846155996647116,1.0748135918386994,1.2587674745582422,1.3978163583518979,1.4607750496502263
0.75,297,0.7723903683227661,819.9930574688627,120.92725193617812,-0.24634050728802603,0.005889023295983218,0.5150440231284003,0.5978149278000472,0.7398296586690946,0.893788516506605,1.0872700129139365,1.2722780481170743,1.4040326203572548,1.486453731516549
0.75,308,0.7662259313040615,829.7530097511603,121.24737359204897,-0.22832880592896612,0.020523388234241248,0.6166831390376725,0.5926141779896444,0.7289464542245195,0.8835065329859235,1.0738270017055707,1.2528164890063775,1.3936704171849397,1.4548317667667032
0.75,319,0.7951305387656183,822.3405444640941,121.02702041954453,-0.23997063467379665,0.011845622441412821,0.5539943786302021,0.5947048767831961,0.7347888321519664,0.8880581674279494,1.0816258657218745,1.2655471288935525,1.402838883461156,1.4751100484359392
0.75,330,0.7808784829028984,825.8312008117307,121.82850914284518,-0.23462095816094794,0.016250631322871776,0.5892610595016727,0.5945774447645313,0.7262415110425551,0.8827801676354958,1.0787268570248867,1.2565711846179328,1.400833563157421,1.4677919542564943
1.0,0,1.502272138229948,1241.9277731380114,125.95147772675146,0.37885907235285093,0.4513327555408362,3.6122765167448914,0.7915563704888113,0.5461616215882309,0.5282097566837433,0.5732704722275543,0.6180409157718417,0.658811373531493,0.6789467663302795
1.0,11,2.9126670002076835,767.9604992863657,125.44551733527432,0.001823379509239054,0.1296072451423967,1.4802963160081504,0.7837056011791985,0.8045169211597784,0.8409574131726909,0.919743231632955,1.0028350876280698,1.0661630965978288,1.1023028803868367
1.0,22,2.231683249387644,936.7348169634215,126.3805071111018,0.17912280417210594,0.28174882704579385,2.515177243790572,0.7788552485800057,0.6675403935199347,0.6930782474310181,0.7537681003621455,0.820473120153519,0.8713184162686903,0.9034904346457041
1.0,33,3.0917668836607843,730.5972666216913,121.86764376678937,-0.04734478030767497,0.08777637397559583,1.1069420043331335,0.8573304326003381,0.8634977773739712,0.8909905544740911,0.9634866345854591,1.0487888153650455,1.1118789735864685,1.1566477589346231
1.0,44,2.661842998191801,802.2177493570475,121.7481881876116,0.0373106025108308,0.15035902103027027,1.647030666197208,0.8214656650151251,0.7878235578863528,0.8106705666095279,0.8869158519727716,0.9572978183228337,1.0306423664633404,1.0593460159497288
1.0,55,3.0408227316318546,705.9493939711849,120.86469335337149,-0.09240156633513638,0.04744470329308506,0.9336666563546113,0.7906418641906299,0.8633316655460407,0.9224000438909541,1.0099214604895959,1.0973356948104853,1.1710100344831402,1.2104735563788553
1.0,66,2.6118582796747307,775.5877264916031,119.39780998486665,0.0010878326459616435,0.12230808866781114,1.4150760572235108,0.8434778912009934,0.8083601630742249,0.8497198000921261,0.9165867203048916,0.9996999542875007,1.065714573119289,1.1018095257811955
1.0,77,2.744777603696116,741.9265306686228,119.25950056030037,-0.049027359405049084,0.0848712931786766,1.1350192853259355,0.8408341060170215,0.8417529222040343,0.8873583909199386,0.9611193159208393,1.0525918636636302,1.1196499297273907,1.1612284355199265
1.0,88,2.8245351552226716,720.7636784715592,118.89748270661731,-0.07343707726500559,0.06363303343230939,1.0699622623688347,0.7730545428735662,0.8317399482663426,0.9076387272245909,0.9952059415864155,1.080131113829172,1.154931782809475,1.186472277330092
1.0,99,2.84019352104644,708.1412905430682,116.85700329634653,-0.09630258153780835,0.045076960532199714,0.863052818312833,0.8258036023342973,0.8855129339267453,0.9310595051882814,1.0126458516251642,1.0999499638106738,1.1676837896772485,1.2129701620309994
1.0,110,2.7369593833573327,718.6677903778572,116.29970636595468,-0.08225089168071045,0.05550094334568961,0.9980081403078044,0.7821409847533322,0.8527386341654335,0.9169628240903116,1.008114302068205,1.0870424789589848,1.1558242771313638,1.1981126205007917
1.0,121,2.866532208180927,695.477063018391,116.60466162047243,-0.11617815489759648,0.02659451291165259,0.8062712146295816,0.7757851074580875,0.8802330950346905,0.9438828458675779,1.0370560966374094,1.1276370056197649,1.1941560872424999,1.2333525348433163
1.0,132,2.739401198234595,715.0984750131398,117.3729109829344,-0.08810608224480665,0.05041626516698525,0.9597412886072093,0.7831655671755702,0.8633705598712669,0.9236784149270666,1.0038983336247649,1.0969497573423421,1.1633197227162453,1.2046985850931489
1.0,143,2.745263112396564,709.9814305151492,117.03329958003656,-0.09764392584708316,0.04197423184136452,0.8900003718916314,0.8061922509912358,0.8621794258378752,0.9307579212441024,1.0138700116900503,1.1076237050555535,1.173335875139092,1.2147059076105087
1.0,154,2.733297711234836,711.7976524864774,117.92095182987815,-0.09609412685487728,0.043697728625574125,0.9324426224598408,0.7732194551293392,0.855129139046137,0.9254134467535781,1.0198430615557847,1.1042162871700114,1.1752414244205858,1.2132226724627388
1.0,165,2.7149134205040064,701.1194751432015,118.04944192512922,-0.11490319234741586,0.027040387647436586,0.8175872193884021,0.779965536567574,0.8690985761020696,0.9441814241594555,1.0362218981636058,1.1221528312541067,1.1913482839910114,1.2377749062416539
1.0,176,2.5745509408576823,733.7487546912424,117.81519644549638,-0.06811020831044556,0.07084693496428064,1.0295198770467153,0.8323108965778072,0.8490847801495225,0.9090873839277976,0.984839386833014,1.073814372739372,1.1425009051446922,1.1780430359309988
1.0,187,2.663463805327369,704.5823831572835,117.03668789175207,-0.11256254849197274,0.032414880016280574,0.8135911702499504,0.7959296859014092,0.8764518371641353,0.9420865480066324,1.027115411262853,1.1183599212032331,1.1897509366048686,1.235089025628611
1.0,198,2.5686264680285813,714.6527095176874,118.02931038545523,-0.09852519544143493,0.04366417770110644,0.9257937970954965,0.7695108124522991,0.8536236956782944,0.93015700241391,1.0144914781869627,1.1082658614668663,1.18029452345431,1.2165171944185358
1.0,209,2.53726012097368,719.6980933136399,116.19945351077924,-0.09354148258265553,0.04541113399624666,0.9047799862280267,0.8042296219773457,0.8755335739444532,0.9258894663699374,1.0095801391470778,1.101058654949661,1.1680701873066623,1.2096152079273201
1.0,220,2.5029377269575277,732.7783296873556,118.07140982306029,-0.07357777177866096,0.06349221944381361,1.0280151159893092,0.7973720047097088,0.8544561677694203,0.9147222768519683,0.9911205260869783,1.0818183327451731,1.1440340632860841,1.1875234781121475
1.0,231,2.6822076680339886,695.5382594348608,116.86007152993417,-0.12495796842885853,0.018247895983144257,0.7618071212327074,0.7713506845283776,0.8878927719432124,0.9507021082545537,1.04126306523073,1.1333597940481805,1.2038275012928543,1.2479742347264384
1.0,242,2.4611706552788233,727.1837963365485,116.93111251040744,-0.08337480721291946,0.057732238414030974,0.9826692376379513,0.7891084663026082,0.8634456594650782,0.9155201236338284,0.9999974619445418,1.0887123397018612,1.1579890485272384,1.201484228364885
1.0,253,2.5831837669948463,700.3475674917945,118.07953123281789,-0.1247782823220336,0.020885104291597824,0.7550065729599752,0.7766982469397686,0.8866839987497883,0.9537713462847504,1.0451131856714835,1.1343657527465587,1.2016376340852366,1.2449005843001903
1.0,264,2.4955585910553104,715.7406893266909,118.04365204561996,-0.0985500660397139,0.043206274502890586,0.9315356443330115,0.7694988335329319,0.846235131058946,0.9284250737755743,1.0171280496351853,1.1067755918056443,1.1785880987745114,1.220447771167288
1.0,275,2.480334300103239,716.9820822420819,117.91659150176207,-0.10468044319388488,0.039420281870579846,0.8199749341411764,0.8225271520641638,0.8920644595746561,0.9343644203514142,1.0191388266406387,1.1095646261285765,1.1766517337078666,1.2242585904120271
1.0,286,2.4447168027697987,732.4863179075713,118.76929894380763,-0.07648071363573589,0.05987223735429726,1.0230512208652403,0.787239018431499,0.8611168845990268,0.909638245405685,0.9948112146129464,1.0793749605527918,1.1494285240852,1.1943855843853088
1.0,297,2.2871796425666373,746.304746755279,116.94224291638957,-0.06642113780171761,0.07654085594909997,0.9695569508780398,0.9024830563113998,0.8637275466791727,0.9015470653572453,0.9830611809713578,1.0675209032943191,1.1349753463964685,1.17641272269864
1.0,308,2.3943477240999362,732.0752500329688,117.5062313778676,-0.07585614299439461,0.06246684796510512,1.0477976758308227,0.7629685823636727,0.8549510341197863,0.9115146177919482,0.9971219881768788,1.0819579426887902,1.1538230423368874,1.1889434827413665
1.0,319,2.5322878552897894,708.8097673126557,117.18665267661244,-0.11014434384854119,0.03497303681233047,0.8115573677334027,0.8088307001801178,0.8761217418628441,0.9393366440866485,1.0293693543563867,1.1210491602746189,1.186277361023358,1.2259413585319943
1.0,330,0.14250561734146103,1984.9051103769739,118.35117676167336,0.5922635735760291,0.6437556222547007,5.154225961734048,0.5311467615373038,0.33682466859434806,0.3384721944830376,0.36977607378482286,0.40305956254300496,0.43164449608218636,0.44600189509830274
1.5,0,1.7212104307110576,1037.8245464346674,126.14451854751294,0.54784536178206,0.5840744815836258,4.571383077577249,0.8104929546629492,0.4200795167766212,0.39446680379613125,0.4374312529005668,0.44302113781780816,0.46151111376526754,0.4720134068261375
1.5,11,4.44930920244658,497.9902969021165,125.97844741816735,0.08744799411233542,0.18467515595427075,1.9262558334677804,0.7962967128637697,0.7392532403630008,0.7952907358368386,0.9004481193567823,0.9122073733333788,0.9519067676460934,0.9803991084690001
1.5,22,3.169243957463126,661.4678243682653,127.0097342369704,0.30664324494274015,0.3787135557441051,3.196336924954143,0.8030288756462951,0.5889969815062978,0.6072082134365477,0.6668790243901908,0.6901674804252681,0.7188104241385671,0.7346104365123329
1.5,33,5.098679327176472,444.5716699377375,121.78606769946954,-0.017751125471991182,0.08967256371787766,1.296236383808436,0.8075497220796274,0.8186034421131441,0.8916333136164888,1.001210648730757,1.0228981547436193,1.069211095191149,1.0928000528682922
1.5,44,4.204818723714831,510.72654750814047,122.05610989218145,0.10345427711654544,0.18815964390281342,1.9601959301443963,0.8524934186555421,0.7400219128910325,0.7821546906927311,0.8792346232735612,0.8965439076006108,0.935050772918015,0.9567005671466872
1.5,55,4.038149010201971,508.23135435899815,121.52029452424216,0.0852689600871733,0.17458444110797505,1.7080426755378135,0.982972993908,0.7863375754665788,0.80171692893357,0.9013851864788694,0.9075558581964964,0.9482197417788043,0.9659009854395639
1.5,66,3.6230765845982247,543.0913041701052,120.14897182265184,0.13926482472923554,0.2364879880121777,1.9450262862140548,1.069571203132169,0.7613678617486072,0.7500586151206218,0.8279066923732847,0.8515790280436384,0.8903855344593632,0.9072487480534532
1.5,77,4.1303822615620795,487.09253418991074,119.89582831506684,0.04656022905752126,0.13429281952490346,1.5732215501715565,0.9008531578048478,0.7909740410682801,0.8353770307823825,0.9400105687636967,0.9520304711860904,0.9936049705781255,1.0152981620047714
1.5,88,4.44328462676142,454.38347909534525,119.49742202922988,-0.012145264119219632,0.09841977053578731,1.3423620692500962,0.8008212411347395,0.8129273026749886,0.8886375198521157,0.9802353602953282,1.020486190618848,1.0649221176195636,1.0898059647506237
1.5,99,4.702646861732316,431.5430685474278,117.34165623739979,-0.06788763014422065,0.051987065139909784,0.9634934823251496,0.8523371736545372,0.8619745799003524,0.9375843314771446,1.0409392959795185,1.0716260805665987,1.1242170353219372,1.1470515448451997
1.5,110,4.330879268185986,454.14735809204456,116.98480545271745,-0.017937489492892162,0.09031752828670978,1.2701039435823633,0.8294147701032683,0.8281568747107599,0.8920968699721468,1.0030283016576504,1.018377105937211,1.0656823334801457,1.093274012642558
1.5,121,4.488240578848207,440.01236366590757,117.31930771486472,-0.05562021248191234,0.062381506416870826,1.0060684004378435,0.8724579997249075,0.8607643173844529,0.9194244382447853,1.0505505959342152,1.0577922940672853,1.1041837498952416,1.128320180288032
1.5,132,4.241404273799732,456.88557328806667,117.979884169682,-0.01649089166429702,0.09597132853493291,1.1995180817746285,0.89984970492964,0.845393459549904,0.8942100165308721,0.995566166303452,1.01956868682775,1.0607748528952852,1.085306948936474
1.5,143,4.64100936618375,423.48554642610424,117.4899659761532,-0.0906812435160849,0.029431066476582883,0.882849476800342,0.8035525318828681,0.8674058953886306,0.9560552204237636,1.065014117771784,1.0961157917515092,1.1497751543025734,1.1780019295685078
1.5,154,3.937384796247668,480.16690245909234,118.75673865915411,0.029293227759191617,0.12542144746158568,1.5040622079559702,0.8745740013711599,0.8018846843491805,0.8512006915098967,0.9396923246099338,0.9747325925674623,1.0151798062728363,1.039674833337436
1.5,165,4.482914361462848,422.9223749915786,118.41736453298702,-0.09460308816494664,0.024933416328086936,0.8634819341574403,0.8009146964676904,0.8706489318506493,0.9588707954300115,1.0628495506191302,1.1074249306397634,1.1525794051402414,1.1819379325030261
1.5,176,4.195424127526234,448.7723358740325,118.80070030999796,-0.03720533863334532,0.07849120244602892,1.187236962951521,0.8122967459850493,0.8309137449836641,0.9041344304617035,1.0140551217168756,1.041721649000542,1.0904385927367886,1.1189905959581692
1.5,187,4.2881358281123365,433.1227820954452,117.86816577559709,-0.07404060030045975,0.045644353435348346,0.9286140694619006,0.8473262842483251,0.8716375055052913,0.9429948975082325,1.0444158985106966,1.082751154206487,1.1268277575190786,1.1545376391259141
1.5,198,4.1015679102282165,447.82507529652287,118.6922556802413,-0.04165681948949268,0.07107904407160637,1.1581412198014747,0.8092749056196712,0.8325395590361495,0.9166785848294554,1.0218387296848925,1.048809819098312,1.0932899196038754,1.1190990273520287
1.5,209,4.361448457686621,424.1757690044424,116.52107017369312,-0.09693913990786175,0.023005786817418016,0.835151694331105,0.8048219205249679,0.870727693626354,0.9646413706754037,1.0818003526900812,1.1048840439463952,1.1582824532373808,1.1783783633170055
1.5,220,3.9912298438134854,457.22319032634056,118.62116953536962,-0.01826604266264472,0.09199575665766561,1.3085707817572936,0.8041944128585556,0.8146478970975335,0.8914218320411301,0.983416610450992,1.0270140069961342,1.0714357848145908,1.099383033019907
1.5,231,4.2359471942219455,435.51115118908575,117.46962792390389,-0.07317304942177214,0.048779301842333284,0.9208026833008909,0.8600056437046606,0.8724993896814861,0.9385220768161721,1.0491452255693479,1.0805848327797634,1.124698407009469,1.1529029791568066
1.5,242,3.861470284053779,458.7437538206705,118.03473207693395,-0.024249555450571707,0.09140138155242863,1.2165345136619536,0.8476967396742601,0.8358667087337741,0.8960557271678523,1.0000431599582766,1.0300858546000156,1.074092892396443,1.0996636753440117
1.5,253,3.909094625825763,452.71080486117216,118.86091950787824,-0.036512470424252194,0.07282060570973425,1.1616348861522696,0.8378406695907081,0.8397787221135472,0.9039404313654461,1.0124438974607042,1.0404570753927824,1.0912413862913906,1.1125119919695288
1.5,264,3.8106839936409047,458.6283216808954,118.93522345249752,-0.025173992765310314,0.08702758385383694,1.2538001320559682,0.8128777783487391,0.8183627267359779,0.8927957800813436,1.016562312531103,1.0305089405458225,1.072276299967157,1.102855922371931
1.5,275,4.014659047049716,438.64827829235344,118.92672829097917,-0.07008906080681145,0.05126416507067005,0.9370329513619603,0.8554887905490987,0.8711573936320224,0.9429238961814357,1.0459549152960734,1.0758393647408164,1.1223044046168245,1.1484599001690126
1.5,286,4.039522282307822,442.8526973606354,119.79179441427667,-0.05382409017276261,0.0627705221279933,1.100685401672937,0.8041154536427796,0.8413408010538361,0.9212493015810725,1.0240952266857877,1.0583000739118695,1.1114120734389659,1.1382557501073531
1.5,297,3.714164726692214,458.45437128284453,117.95274691180244,-0.03040575527882739,0.08580711727039962,1.0844752077336626,0.9384418898204749,0.8585701834703431,0.9002726215306491,1.0157972093825924,1.028802479479033,1.0707878957300752,1.1028241025405903
1.5,308,3.607841231971582,474.66781721187493,118.76826834460043,0.007243729340191046,0.11292220190615122,1.4195792984131328,0.8262628991349831,0.8008989013465332,0.8705970539242815,0.9841837348803177,0.9963374499805283,1.042104873622866,1.060666399218978
1.5,319,4.076257541041727,434.9403560537317,118.22214665731087,-0.07942087376435221,0.041237801324752535,0.9277797524300794,0.8200527869930565,0.8586629869398551,0.9406578138001098,1.0787393965167758,1.080242958633662,1.1300498496866216,1.1628647071016573
1.5,330,0.2647676864728765,1545.9209794082456,119.32102952573455,0.6870617292706703,0.7200192952693739,5.694721777101132,0.5420945875529922,0.2666940728771305,0.263965238718268,0.2962409333923434,0.3048449114314516,0.317813577283082,0.3265559003675816
2.0,0,2.066644048110781,880.2329175406612,126.64158417072927,0.6205297497570601,0.6485517436081859,4.935948638237982,0.8585450482346597,0.39224565840601944,0.3366991537719745,0.3455509851675734,0.3801962621374256,0.378535719201692,0.3840151013098147
2.0,11,5.518325201592394,392.2040112855343,126.69017909974917,0.18895421727409842,0.2622503558055679,2.4795084673560774,0.8308618008869814,0.6852991268213596,0.7135183657571689,0.7624482296185886,0.8304157836895105,0.8433579234746671,0.85851658723062
2.0,22,3.7212424683238923,554.1922268043918,127.49211783064267,0.4151587211653739,0.4661256112648252,3.7834931697679752,0.8406471943010302,0.533290777028891,0.5134852155528176,0.5402531028152636,0.590990067660247,0.5987109314532898,0.6071966799934547
2.0,33,6.804053020166728,330.19120894259163,123.1362236802832,0.0333065832889317,0.1279853209055182,1.5461339942004932,0.8484619306902188,0.8011392902227694,0.8484162842673642,0.9153737352793342,1.0174991065274195,1.0038567395334643,1.0203231447012426
2.0,44,5.924397027791424,365.1380099030348,122.75260448030832,0.12435815450778247,0.20944409480118995,2.102814781142925,0.8261381740508914,0.7338296176417971,0.7682863276079751,0.8258666140150899,0.9070990321178912,0.9120386166528072,0.926724898912635
2.0,55,6.169410996424578,340.40329748700236,122.16401713105269,0.04493738076219072,0.13880706614157112,1.5062515156810685,0.9469428806337151,0.8243631399237058,0.8402734684784424,0.8925918117614331,1.0090813612406515,0.9849872081825298,0.9970015042568453
2.0,66,5.319031190133784,377.99040004948756,120.19536449633186,0.13615487590763997,0.21876016215576574,2.0295783564299814,0.9493740588630378,0.7624290559662334,0.7654901327592941,0.8087756198698416,0.8944993886995705,0.8897678592510354,0.9031257494253675
2.0,77,6.5968205810536,310.52435774890927,120.43260980839823,-0.0360246606598472,0.06884448119417293,1.1379085958811328,0.8473263148745235,0.8601625141576622,0.9137743866756377,0.9821683637973966,1.0795582113111994,1.0821533594023383,1.0968507753494223
2.0,88,5.764461645405601,345.3584615501735,120.24193913671853,0.05997459950690554,0.1550691885295695,1.6873792700107935,0.8616389708614636,0.7917535157034763,0.8262737442166445,0.886968108908463,0.968606300326745,0.9831712008319875,0.9958408652008172
2.0,99,6.617344335591389,304.5375911450149,117.8283667768067,-0.05922578865257394,0.04780172963699748,1.034892867851773,0.8224484159272069,0.8657126198862573,0.9322503084460577,1.0010052638220093,1.10890416872456,1.1118311579922382,1.1224533291153902
2.0,110,5.85528674228937,332.1774461517649,117.83509823583933,0.02058329284220838,0.11299017178124825,1.496747567946,0.8262268621228246,0.8079451713459507,0.8625140175258763,0.926015404887673,1.0261400378665648,1.0204872670141034,1.0348651468472165
2.0,121,6.130554325811936,320.0818434514027,117.44674004681389,-0.01231968347853341,0.08625942756293103,1.2262722582388073,0.8927483084052342,0.8534827042264456,0.8976899433357253,0.9583483862412087,1.042537426656346,1.059523270163446,1.0696969059503458
2.0,132,5.189953498710001,365.2853331905595,118.55049608837037,0.09528887567446825,0.17751344541948885,1.739901233612171,1.000260698636089,0.8015251047458146,0.7972208749379301,0.8477109157325989,0.9441025500779061,0.9285042307425951,0.9431562527289601
2.0,143,5.730605593590679,333.3908912915307,118.28952637600867,0.019752946803242494,0.11888477723743303,1.3604106220465468,0.9496507705469972,0.8399055644956392,0.8634836893624893,0.9202722483207665,1.0161955257982018,1.0215877299693998,1.0294758718343016
2.0,154,5.417279796986696,346.8145455267486,119.51130157250654,0.04871620525376297,0.14429120288793165,1.4899884755782533,0.9738790931457662,0.8377395784381659,0.8407742943779875,0.888787734342389,0.9959252555421834,0.9789025979443987,0.9955049954944122
2.0,165,6.063001444900392,307.773478039932,119.57165364535605,-0.056107607470851785,0.05261781871167377,1.0211511349245277,0.8471583425309087,0.8754034610709328,0.9335264399371584,1.0040252730620034,1.0857960419518524,1.1079236017351302,1.1244835034718084
2.0,176,5.473529247694372,337.20043641560517,119.2779698537459,0.026689175459857117,0.12716363801529793,1.411268803745445,0.9251265056604332,0.8415240999549239,0.86099877071639,0.9207266083233558,1.0118406091585028,1.0084825147582266,1.0211136253336397
2.0,187,5.776670567400822,318.52190688634937,118.36318787342448,-0.02864670234565475,0.07134540956715135,1.2033579895660664,0.8358555601468939,0.8422448670955743,0.9003265589805308,0.9676025609691992,1.0975972007746877,1.0687088501505195,1.084446112577465
2.0,198,5.579293269384814,322.89639922500515,119.78175744492562,-0.008850105949399065,0.09091923009139834,1.3386753948709307,0.8148543296388324,0.8249280261567017,0.8886623006012286,0.95554118716132,1.042532734834933,1.0594489762318902,1.075684147312296
2.0,209,9.108322514955423,199.88099507436664,116.28219763417098,-0.027584191220944583,0.3476261141973505,1.1741804121952837,0.8355676414817741,0.8484440978708814,0.91486108217231,0.9769027354615871,1.0795288627656339,1.0758486722757394,1.0945798814317993
2.0,220,5.324785431947563,337.566871999076,119.25455178589195,0.02861110523615805,0.12648712769964765,1.5217284276212026,0.8465068657713031,0.808745452819784,0.8544556336010947,0.9126150929145456,1.022183995884629,1.00920139217553,1.0256629685499745
2.0,231,6.0052654357836985,301.61378411885676,118.1427263718195,-0.0781594866418756,0.031760638891953026,0.9321133159294227,0.814047167367832,0.8801584056483693,0.9533211961625059,1.0209931119016145,1.1135099202023806,1.1356704378340303,1.1492454663982405
2.0,242,4.994146537730439,348.91977460119176,119.09468650671052,0.06076943978641353,0.1467775658161225,1.7047890750038812,0.8513592284386551,0.782633829715804,0.829917447752942,0.886490023394548,0.9669361364630575,0.9852191566335095,0.9942680794125969
2.0,253,5.8399987725003335,304.1919811230271,119.51103451345506,-0.07846468337690478,0.032698882849046186,0.9431657814283521,0.8093207090952522,0.8724203905992265,0.9440729353272245,1.0169777255504886,1.143157053712951,1.125469599739619,1.1446022705480305
2.0,264,5.304263745271291,327.82872526231694,119.69944041964926,-0.0042557241855806305,0.09839096560263004,1.3560868979568543,0.8251721734269772,0.8255506647605044,0.8800335168019413,0.9463256385301692,1.0552418322489765,1.0478824663235036,1.0642182615260445
2.0,275,5.366297744562648,322.25068109250935,119.89810355345632,-0.0196240479852665,0.08341488991462899,1.2114908120762988,0.8819950911753793,0.8447799745604874,0.8954535197136877,0.9582204827155526,1.0602458590290291,1.0644485213326784,1.0835582915867905
2.0,286,5.347001942494224,327.9661132307743,120.6825427163571,0.003616521776714272,0.10242212918914168,1.3875714896116327,0.8369424436773882,0.823992669759587,0.8784645874217764,0.9401307217484935,1.031583493808339,1.042538667284246,1.0593464674693525
2.0,297,5.016160056795567,334.2872244259289,118.75292881305343,0.004445060373426148,0.10922045337912345,1.2575969741726298,0.9644592153034004,0.8509854467342501,0.8744781630082148,0.9311696285979255,1.0524644802966168,1.0279649933415793,1.041650559803987
2.0,308,4.833991257787146,349.5117918599887,119.76963604040446,0.05525229339909261,0.15005332830091656,1.6835753102089015,0.8388305936596477,0.7837146477280816,0.8295900828332003,0.8925354043475833,0.9963717480851169,0.981320856879866,0.9956645249931406
2.0,319,5.746459476271423,305.6407621403844,119.09994979551655,-0.0643074866761026,0.047566543880733184,0.9878888060405842,0.8323067204738185,0.8775049733320931,0.939351491336617,1.0133330975596977,1.1016732669191416,1.1115276229703315,1.1357252439794945
2.0,330,1.2241988994656745,800.9160391429672,119.68292694102185,0.5765302892011774,0.6140912907884221,4.676148079513123,0.9096180055763664,0.37387355769769587,0.36232552614164765,0.38623973609779144,0.43478679898450645,0.43012574654147345,0.4378897487602221
