slice,source,method,frac,time,dose_eq,psnr,r
0,real,full fast scan,1.0,1.0,21.79231962521583,14.577397648377904,0.5892143054376225
0,simulated,full fast scan,1.0,1.0,21.79231962521583,14.158710982961821,0.5301918306629996
0,real,unet,0.1,0.099609375,21.79231962521583,16.306636445796563,0.7493975024760069
0,simulated,unet,0.1,0.099609375,21.79231962521583,17.45688087728906,0.8146195802463377
0,real,unet,0.2,0.19921875,21.79231962521583,16.72880969783157,0.7760203072192428
0,simulated,unet,0.2,0.19921875,21.79231962521583,18.750001618630897,0.8661591449720013
0,real,unet,0.3,0.30078125,21.79231962521583,16.741107053304837,0.7767446823548769
0,simulated,unet,0.3,0.30078125,21.79231962521583,19.152144881253488,0.8788179327785156
9,real,full fast scan,1.0,1.0,21.516826071772332,14.230136746822527,0.6253688165274118
9,simulated,full fast scan,1.0,1.0,21.516826071772332,13.847519321751665,0.5787972091773865
9,real,unet,0.1,0.099609375,21.516826071772332,15.794434174347401,0.7584570670604291
9,simulated,unet,0.1,0.099609375,21.516826071772332,16.928160099063902,0.820271319425151
9,real,unet,0.2,0.19921875,21.516826071772332,16.492405711348855,0.7989469870322784
9,simulated,unet,0.2,0.19921875,21.516826071772332,18.53710907624702,0.8798465589724641
9,real,unet,0.3,0.30078125,21.516826071772332,16.692932951052637,0.8090962036657534
9,simulated,unet,0.3,0.30078125,21.516826071772332,19.197382046571466,0.897767666313532
19,real,full fast scan,1.0,1.0,22.261811816681632,14.225396085149548,0.6283541333302199
19,simulated,full fast scan,1.0,1.0,22.261811816681632,13.876153860021335,0.5866457365725867
19,real,unet,0.1,0.099609375,22.261811816681632,15.650997085034515,0.7511118757665087
19,simulated,unet,0.1,0.099609375,22.261811816681632,16.955677529611656,0.8229593303029428
19,real,unet,0.2,0.19921875,22.261811816681632,16.449029186041606,0.798327818869837
19,simulated,unet,0.2,0.19921875,22.261811816681632,18.61711788447387,0.8830948072593082
19,real,unet,0.3,0.30078125,22.261811816681632,16.609733896727914,0.8065371956020747
19,simulated,unet,0.3,0.30078125,22.261811816681632,19.127415071738895,0.8968062744792493
28,real,full fast scan,1.0,1.0,22.20579505246865,14.237478547990289,0.6203530330256898
28,simulated,full fast scan,1.0,1.0,22.20579505246865,13.898863425465542,0.5787528895788916
28,real,unet,0.1,0.099609375,22.20579505246865,15.73504199643722,0.751168538704137
28,simulated,unet,0.1,0.099609375,22.20579505246865,16.839015261356703,0.8136724595072087
28,real,unet,0.2,0.19921875,22.20579505246865,16.34843032766685,0.7884474750366217
28,simulated,unet,0.2,0.19921875,22.20579505246865,18.427602244195704,0.8749796677358129
28,real,unet,0.3,0.30078125,22.20579505246865,16.59658118784349,0.8016619647032683
28,simulated,unet,0.3,0.30078125,22.20579505246865,19.236655457983435,0.8974585155146747
38,real,full fast scan,1.0,1.0,22.073001078090215,14.289321886662457,0.6164174073093523
38,simulated,full fast scan,1.0,1.0,22.073001078090215,13.844387543988345,0.5595359710528084
38,real,unet,0.1,0.099609375,22.073001078090215,15.723576183635855,0.7445516185658662
38,simulated,unet,0.1,0.099609375,22.073001078090215,16.92635154505598,0.8137329194950416
38,real,unet,0.2,0.19921875,22.073001078090215,16.355822795503965,0.7840488187926482
38,simulated,unet,0.2,0.19921875,22.073001078090215,18.066869830369296,0.8603423458366545
38,real,unet,0.3,0.30078125,22.073001078090215,16.62810231299951,0.7988398940131145
38,simulated,unet,0.3,0.30078125,22.073001078090215,18.72653485345218,0.8813634788488861
47,real,full fast scan,1.0,1.0,22.388007992041114,14.402679404167756,0.6077811952311422
47,simulated,full fast scan,1.0,1.0,22.388007992041114,14.004500580669632,0.5557414193855287
47,real,unet,0.1,0.099609375,22.388007992041114,15.913656801253381,0.7447784592616716
47,simulated,unet,0.1,0.099609375,22.388007992041114,16.94818003775045,0.8056564308365902
47,real,unet,0.2,0.19921875,22.388007992041114,16.449534341984297,0.7787082964053162
47,simulated,unet,0.2,0.19921875,22.388007992041114,18.48668421072582,0.868194743613766
47,real,unet,0.3,0.30078125,22.388007992041114,16.69156141389007,0.7922892056868417
47,simulated,unet,0.3,0.30078125,22.388007992041114,18.97753273038237,0.8832198579850148
57,real,full fast scan,1.0,1.0,22.908370113836707,14.445281483292094,0.6143604265671947
57,simulated,full fast scan,1.0,1.0,22.908370113836707,14.07757216358209,0.567830766085277
57,real,unet,0.1,0.099609375,22.908370113836707,16.032794394304833,0.7536926815389468
57,simulated,unet,0.1,0.099609375,22.908370113836707,17.290032955180273,0.8225719554104538
57,real,unet,0.2,0.19921875,22.908370113836707,16.582345850896484,0.7870158664195336
57,simulated,unet,0.2,0.19921875,22.908370113836707,18.649477415062933,0.8738062580050159
57,real,unet,0.3,0.30078125,22.908370113836707,16.718188869005015,0.7944272730628148
57,simulated,unet,0.3,0.30078125,22.908370113836707,19.27731758867546,0.8918327609998365
66,real,full fast scan,1.0,1.0,22.965242037596884,14.487606296411373,0.6074574685640356
66,simulated,full fast scan,1.0,1.0,22.965242037596884,14.032331932751653,0.5470514276982681
66,real,unet,0.1,0.099609375,22.965242037596884,16.017192015588076,0.7458701377211824
66,simulated,unet,0.1,0.099609375,22.965242037596884,17.061299552811164,0.8069296222095794
66,real,unet,0.2,0.19921875,22.965242037596884,16.711732020244888,0.7886025238354366
66,simulated,unet,0.2,0.19921875,22.965242037596884,18.485759520713383,0.865268370850622
66,real,unet,0.3,0.30078125,22.965242037596884,16.830908472553666,0.7950651721767925
66,simulated,unet,0.3,0.30078125,22.965242037596884,19.05777193752983,0.8830076222821479
75,real,full fast scan,1.0,1.0,23.225793237983595,14.580582341086444,0.5975028681513674
75,simulated,full fast scan,1.0,1.0,23.225793237983595,14.216447530856929,0.5484281524065754
75,real,unet,0.1,0.099609375,23.225793237983595,16.043641476500788,0.7354653428775104
75,simulated,unet,0.1,0.099609375,23.225793237983595,17.076248654812897,0.7987859417014056
75,real,unet,0.2,0.19921875,23.225793237983595,16.750816325581994,0.7809580205964309
75,simulated,unet,0.2,0.19921875,23.225793237983595,18.700883952564045,0.8666108551636243
75,real,unet,0.3,0.30078125,23.225793237983595,16.87650933374602,0.7880507433563883
75,simulated,unet,0.3,0.30078125,23.225793237983595,19.26685416652508,0.8839890794565336
85,real,full fast scan,1.0,1.0,23.215334907590034,14.608773985087302,0.5934718166304699
85,simulated,full fast scan,1.0,1.0,23.215334907590034,14.218822374079515,0.5397708637817987
85,real,unet,0.1,0.099609375,23.215334907590034,16.126830648339933,0.7370900326407096
85,simulated,unet,0.1,0.099609375,23.215334907590034,17.10509317502699,0.7971269439551814
85,real,unet,0.2,0.19921875,23.215334907590034,16.64148299637979,0.7709333114249961
85,simulated,unet,0.2,0.19921875,23.215334907590034,18.617312078066337,0.8617518107519015
85,real,unet,0.3,0.30078125,23.215334907590034,16.874646667678874,0.78456548206235
85,simulated,unet,0.3,0.30078125,23.215334907590034,19.036003545676667,0.8753692221404513
94,real,full fast scan,1.0,1.0,22.56410816666895,14.541149733521653,0.5961945396019687
94,simulated,full fast scan,1.0,1.0,22.56410816666895,14.12580938819832,0.5392234458339359
94,real,unet,0.1,0.099609375,22.56410816666895,16.184664887369074,0.7473450449702477
94,simulated,unet,0.1,0.099609375,22.56410816666895,17.166394062134852,0.8048883339177069
94,real,unet,0.2,0.19921875,22.56410816666895,16.659288876743233,0.7773216101257041
94,simulated,unet,0.2,0.19921875,22.56410816666895,18.412002295999088,0.8577027426238417
94,real,unet,0.3,0.30078125,22.56410816666895,16.80681224530172,0.785777877252644
94,simulated,unet,0.3,0.30078125,22.56410816666895,19.00764658442744,0.8772304291597394
104,real,full fast scan,1.0,1.0,22.790626563213912,14.525477023745887,0.5973564623963504
104,simulated,full fast scan,1.0,1.0,22.790626563213912,14.13894222042658,0.5449462732536531
104,real,unet,0.1,0.099609375,22.790626563213912,15.953912818477294,0.7328770176670829
104,simulated,unet,0.1,0.099609375,22.790626563213912,17.0161257929392,0.7984622671289363
104,real,unet,0.2,0.19921875,22.790626563213912,16.572820696655548,0.7736859700272838
104,simulated,unet,0.2,0.19921875,22.790626563213912,18.444171009928446,0.8597165557124198
104,real,unet,0.3,0.30078125,22.790626563213912,16.753735047316926,0.7841989833823121
104,simulated,unet,0.3,0.30078125,22.790626563213912,19.059940938106944,0.8795454075480448
113,real,full fast scan,1.0,1.0,22.482389215882158,14.466060000422234,0.5977092292663913
113,simulated,full fast scan,1.0,1.0,22.482389215882158,14.099759950283934,0.5483548963748299
113,real,unet,0.1,0.099609375,22.482389215882158,15.976626862432061,0.738970980349261
113,simulated,unet,0.1,0.099609375,22.482389215882158,17.121814240687943,0.8070264036075397
113,real,unet,0.2,0.19921875,22.482389215882158,16.53301072093133,0.7750226233379478
113,simulated,unet,0.2,0.19921875,22.482389215882158,18.639539143348628,0.8684116855336137
113,real,unet,0.3,0.30078125,22.482389215882158,16.699845521786255,0.7846718058221256
113,simulated,unet,0.3,0.30078125,22.482389215882158,19.18560729517302,0.884979161232439
122,real,full fast scan,1.0,1.0,22.55871057626903,14.586571983277155,0.5947926026277424
122,simulated,full fast scan,1.0,1.0,22.55871057626903,14.161238329237928,0.5359912023809559
122,real,unet,0.1,0.099609375,22.55871057626903,16.16589239852519,0.7421521915110229
122,simulated,unet,0.1,0.099609375,22.55871057626903,17.15046997003651,0.8011930737562816
122,real,unet,0.2,0.19921875,22.55871057626903,16.62293136869095,0.7717907708563828
122,simulated,unet,0.2,0.19921875,22.55871057626903,18.530985778511727,0.8598956500412178
122,real,unet,0.3,0.30078125,22.55871057626903,16.74080248116988,0.7787730760954319
122,simulated,unet,0.3,0.30078125,22.55871057626903,18.936212586851273,0.8732894956762318
132,real,full fast scan,1.0,1.0,22.68602888670229,14.527698279257981,0.5927847431194162
132,simulated,full fast scan,1.0,1.0,22.68602888670229,14.089793126050285,0.5315853959937447
132,real,unet,0.1,0.099609375,22.68602888670229,15.901806407429952,0.7261657101308232
132,simulated,unet,0.1,0.099609375,22.68602888670229,16.735815808094934,0.780964727720335
132,real,unet,0.2,0.19921875,22.68602888670229,16.515925541552093,0.7678842714975818
132,simulated,unet,0.2,0.19921875,22.68602888670229,18.14039852248817,0.8471716787786981
132,real,unet,0.3,0.30078125,22.68602888670229,16.71800964440837,0.7799379647257041
132,simulated,unet,0.3,0.30078125,22.68602888670229,18.840471623922955,0.8716235720352016
141,real,full fast scan,1.0,1.0,22.650554857383987,14.504535990038018,0.5977259009297394
141,simulated,full fast scan,1.0,1.0,22.650554857383987,14.168209628297143,0.5527426293765236
141,real,unet,0.1,0.099609375,22.650554857383987,15.91494001232067,0.7317799515017671
141,simulated,unet,0.1,0.099609375,22.650554857383987,17.080852734823694,0.8030352777666073
141,real,unet,0.2,0.19921875,22.650554857383987,16.53030803647584,0.7725724055748677
141,simulated,unet,0.2,0.19921875,22.650554857383987,18.49974442613959,0.8624642644856569
141,real,unet,0.3,0.30078125,22.650554857383987,16.730678697795305,0.7842479848258899
141,simulated,unet,0.3,0.30078125,22.650554857383987,19.111090632056516,0.8817483124823723
151,real,full fast scan,1.0,1.0,22.852540285428216,14.575195292806725,0.5899049291115929
151,simulated,full fast scan,1.0,1.0,22.852540285428216,14.24357819189903,0.5442900040797767
151,real,unet,0.1,0.099609375,22.852540285428216,15.990868883702571,0.7275716667855715
151,simulated,unet,0.1,0.099609375,22.852540285428216,17.075790184735926,0.7958623185191419
151,real,unet,0.2,0.19921875,22.852540285428216,16.52581150564561,0.7641357731388287
151,simulated,unet,0.2,0.19921875,22.852540285428216,18.422005176264875,0.8550496823980841
151,real,unet,0.3,0.30078125,22.852540285428216,16.735019105219784,0.7768349175237228
151,simulated,unet,0.3,0.30078125,22.852540285428216,19.093967146269307,0.8772999163008778
160,real,full fast scan,1.0,1.0,23.03720347942599,14.566354137573004,0.6003974588935236
160,simulated,full fast scan,1.0,1.0,23.03720347942599,14.075323960694629,0.5328452026489302
160,real,unet,0.1,0.099609375,23.03720347942599,16.136107744206583,0.744624819103164
160,simulated,unet,0.1,0.099609375,23.03720347942599,17.170006358341226,0.8055131629759082
160,real,unet,0.2,0.19921875,23.03720347942599,16.692199473483996,0.7797519434210065
160,simulated,unet,0.2,0.19921875,23.03720347942599,18.24018664121781,0.8517886637078821
160,real,unet,0.3,0.30078125,23.03720347942599,16.855692891378325,0.7889837927213883
160,simulated,unet,0.3,0.30078125,23.03720347942599,18.81702978792138,0.8715966767498277
170,real,full fast scan,1.0,1.0,22.48678776011611,14.502666950964008,0.6016796535900577
170,simulated,full fast scan,1.0,1.0,22.48678776011611,13.931665609892946,0.5218945056239214
170,real,unet,0.1,0.099609375,22.48678776011611,16.031140038678775,0.7424924715799414
170,simulated,unet,0.1,0.099609375,22.48678776011611,16.821297223492987,0.7911616026315762
170,real,unet,0.2,0.19921875,22.48678776011611,16.645317726071486,0.7813245557969447
170,simulated,unet,0.2,0.19921875,22.48678776011611,17.854380627577324,0.8397176880873047
170,real,unet,0.3,0.30078125,22.48678776011611,16.80232869873248,0.7901261452405901
170,simulated,unet,0.3,0.30078125,22.48678776011611,18.352231316590245,0.8585237295471173
179,real,full fast scan,1.0,1.0,22.796528968852797,14.550034987045565,0.5948577965135611
179,simulated,full fast scan,1.0,1.0,22.796528968852797,14.159594821820395,0.5413638261544895
179,real,unet,0.1,0.099609375,22.796528968852797,16.07029658509506,0.7380339325579961
179,simulated,unet,0.1,0.099609375,22.796528968852797,17.132944343064626,0.8021952709986736
179,real,unet,0.2,0.19921875,22.796528968852797,16.503734652544463,0.7667730585505056
179,simulated,unet,0.2,0.19921875,22.796528968852797,18.439402327306457,0.8579792300569167
179,real,unet,0.3,0.30078125,22.796528968852797,16.80265410936984,0.7844414595452691
179,simulated,unet,0.3,0.30078125,22.796528968852797,19.054540319991716,0.8780530140117392
0,real,full fast scan + TV-L2,1.0,1.0,21.79231962521583,20.373599714383438,0.9100213770653355
0,simulated,full fast scan + TV-L2,1.0,1.0,21.79231962521583,18.658531399911972,0.8630847612626513
0,real,biharmonic,0.3,0.30078125,21.79231962521583,15.707439037769431,0.7047968366412292
0,real,tv_l2,0.3,0.30078125,21.79231962521583,18.490493093315024,0.857235134180092
0,real,biharmonic,0.2,0.19921875,21.79231962521583,16.139995977586214,0.7378672065095337
0,real,tv_l2,0.2,0.19921875,21.79231962521583,17.41699323220118,0.8127122612862583
0,simulated,biharmonic,0.2,0.19921875,21.79231962521583,15.15587452285764,0.6546655908797047
0,simulated,tv_l2,0.2,0.19921875,21.79231962521583,16.995945050481758,0.7911627380069772
0,simulated,biharmonic,0.3,0.30078125,21.79231962521583,14.863811687418167,0.6235687279965159
0,simulated,tv_l2,0.3,0.30078125,21.79231962521583,18.000051114674804,0.8385422827544038
9,real,full fast scan + TV-L2,1.0,1.0,21.516826071772332,20.281317211875162,0.9213249592467632
9,simulated,full fast scan + TV-L2,1.0,1.0,21.516826071772332,18.742541701990458,0.8857569931370096
9,real,biharmonic,0.2,0.19921875,21.516826071772332,15.931971872920732,0.7671359954529602
9,real,tv_l2,0.2,0.19921875,21.516826071772332,16.88289667675699,0.8181793836549385
0,simulated,biharmonic,0.1,0.099609375,21.79231962521583,15.365363868111302,0.6749043630549073
0,simulated,tv_l2,0.1,0.099609375,21.79231962521583,15.948042949100794,0.7237828111955835
0,real,biharmonic,0.1,0.099609375,21.79231962521583,16.29684312111131,0.748736871811714
0,real,tv_l2,0.1,0.099609375,21.79231962521583,16.26092165762237,0.7462958618607339
9,real,biharmonic,0.1,0.099609375,21.516826071772332,15.696257330107795,0.7520279322157123
9,real,tv_l2,0.1,0.099609375,21.516826071772332,15.505178734995793,0.7389211018765101
9,simulated,biharmonic,0.2,0.19921875,21.516826071772332,14.981021412375856,0.69840332467013
9,simulated,tv_l2,0.2,0.19921875,21.516826071772332,16.636806211965908,0.8063152873626284
9,simulated,biharmonic,0.1,0.099609375,21.516826071772332,14.825732655229764,0.684923449373059
9,simulated,tv_l2,0.1,0.099609375,21.516826071772332,15.279832581013885,0.72237501563271
9,real,biharmonic,0.3,0.30078125,21.516826071772332,15.52273234729692,0.7401592274477201
9,real,tv_l2,0.3,0.30078125,21.516826071772332,18.213793020455288,0.8698695566789476
19,real,full fast scan + TV-L2,1.0,1.0,22.261811816681632,20.30428545281012,0.9223471475215036
19,simulated,full fast scan + TV-L2,1.0,1.0,22.261811816681632,18.907686875172114,0.8911248177678491
9,simulated,biharmonic,0.3,0.30078125,21.516826071772332,14.732633123932565,0.6764738161387639
9,simulated,tv_l2,0.3,0.30078125,21.516826071772332,17.767186645622346,0.8545868502774886
19,real,biharmonic,0.3,0.30078125,22.261811816681632,15.478717918390327,0.7392784928794951
19,real,tv_l2,0.3,0.30078125,22.261811816681632,18.08186083300526,0.8665918611930561
19,real,biharmonic,0.2,0.19921875,22.261811816681632,15.910699155684028,0.767767673437217
19,real,tv_l2,0.2,0.19921875,22.261811816681632,16.847283063891233,0.8179887283912066
28,real,full fast scan + TV-L2,1.0,1.0,22.20579505246865,20.010424437410613,0.9149780232986727
28,simulated,full fast scan + TV-L2,1.0,1.0,22.20579505246865,18.7848969632853,0.8854955885454221
19,simulated,biharmonic,0.3,0.30078125,22.261811816681632,14.703125142802275,0.6766592392904427
19,simulated,tv_l2,0.3,0.30078125,22.261811816681632,17.64884713149534,0.8513947936034972
19,simulated,biharmonic,0.2,0.19921875,22.261811816681632,15.051355819972354,0.7068524942270237
19,simulated,tv_l2,0.2,0.19921875,22.261811816681632,16.65041516559086,0.808554748077493
19,simulated,biharmonic,0.1,0.099609375,22.261811816681632,15.05045579260969,0.7067791337164798
19,simulated,tv_l2,0.1,0.099609375,22.261811816681632,15.283732458015702,0.7250581945770213
19,real,biharmonic,0.1,0.099609375,22.261811816681632,15.759445111506626,0.7582331182388321
19,real,tv_l2,0.1,0.099609375,22.261811816681632,15.477036382324027,0.7391597113910967
28,real,biharmonic,0.2,0.19921875,22.20579505246865,15.880796137130172,0.760681022343201
28,real,tv_l2,0.2,0.19921875,22.20579505246865,16.776051175078535,0.8106341746193757
28,real,biharmonic,0.3,0.30078125,22.20579505246865,15.50358282254107,0.7351196616530918
28,real,tv_l2,0.3,0.30078125,22.20579505246865,18.13936710282874,0.8657390139348774
28,simulated,biharmonic,0.3,0.30078125,22.20579505246865,14.753799930781053,0.6736414270252615
28,simulated,tv_l2,0.3,0.30078125,22.20579505246865,17.72254166522192,0.851040819905172
38,real,full fast scan + TV-L2,1.0,1.0,22.073001078090215,20.098013136827856,0.915009097174883
38,simulated,full fast scan + TV-L2,1.0,1.0,22.073001078090215,18.441514180878702,0.8727325254326095
28,real,biharmonic,0.1,0.099609375,22.20579505246865,15.714955258364451,0.749822725141021
28,real,tv_l2,0.1,0.099609375,22.20579505246865,15.473668452445214,0.7329558328757126
28,simulated,biharmonic,0.1,0.099609375,22.20579505246865,14.83663492189557,0.6812577406475101
28,simulated,tv_l2,0.1,0.099609375,22.20579505246865,15.229099840779142,0.7144338559798791
28,simulated,biharmonic,0.2,0.19921875,22.20579505246865,14.941912962697755,0.6906131098171919
28,simulated,tv_l2,0.2,0.19921875,22.20579505246865,16.51382631769648,0.7973628634478496
38,real,biharmonic,0.3,0.30078125,22.073001078090215,15.518542604959967,0.7299407123686354
38,real,tv_l2,0.3,0.30078125,22.073001078090215,18.072822930131004,0.8605491528933416
38,real,biharmonic,0.2,0.19921875,22.073001078090215,15.845206742781102,0.7527714426523117
38,real,tv_l2,0.2,0.19921875,22.073001078090215,16.67547130101996,0.8012930310170642
38,simulated,biharmonic,0.2,0.19921875,22.073001078090215,14.80330158346559,0.6702044390549668
38,simulated,tv_l2,0.2,0.19921875,22.073001078090215,16.346224314740333,0.7835050202340048
47,real,full fast scan + TV-L2,1.0,1.0,22.388007992041114,20.167129289253303,0.9125631329016368
47,simulated,full fast scan + TV-L2,1.0,1.0,22.388007992041114,18.701751705814665,0.8750194753169585
38,simulated,biharmonic,0.3,0.30078125,22.073001078090215,14.627185839710608,0.6529760461851757
38,simulated,tv_l2,0.3,0.30078125,22.073001078090215,17.450132779765852,0.8369857655969858
47,real,biharmonic,0.2,0.19921875,22.388007992041114,16.03957188670349,0.7532730756859565
47,real,tv_l2,0.2,0.19921875,22.388007992041114,16.988490500653313,0.807666003111528
38,real,biharmonic,0.1,0.099609375,22.073001078090215,15.83489618452939,0.7520869925775412
38,real,tv_l2,0.1,0.099609375,22.073001078090215,15.562306277957628,0.7331422932531164
38,simulated,biharmonic,0.1,0.099609375,22.073001078090215,14.989059863369752,0.6871953136415044
38,simulated,tv_l2,0.1,0.099609375,22.073001078090215,15.26009898736893,0.7100477674225316
47,simulated,biharmonic,0.2,0.19921875,22.388007992041114,15.056116126337674,0.6763764354685015
47,simulated,tv_l2,0.2,0.19921875,22.388007992041114,16.61745224591501,0.7882353876416479
47,real,biharmonic,0.3,0.30078125,22.388007992041114,15.65548708438801,0.7262374372966004
47,real,tv_l2,0.3,0.30078125,22.388007992041114,18.28554184444653,0.8614461370194006
47,simulated,biharmonic,0.3,0.30078125,22.388007992041114,14.791999364655844,0.6507442473583273
47,simulated,tv_l2,0.3,0.30078125,22.388007992041114,17.688195660194214,0.8390828075952965
57,real,full fast scan + TV-L2,1.0,1.0,22.908370113836707,20.38637055301568,0.9173243531939185
57,simulated,full fast scan + TV-L2,1.0,1.0,22.908370113836707,18.915151037802683,0.8817987801088621
47,real,biharmonic,0.1,0.099609375,22.388007992041114,16.01694236002087,0.7517715254554473
47,real,tv_l2,0.1,0.099609375,22.388007992041114,15.83623276178127,0.7393815469650078
47,simulated,biharmonic,0.1,0.099609375,22.388007992041114,15.0793454250523,0.6785124236874764
47,simulated,tv_l2,0.1,0.099609375,22.388007992041114,15.47227222440571,0.7120798509349537
57,real,biharmonic,0.2,0.19921875,22.908370113836707,16.03401044776667,0.7537729030716992
57,real,tv_l2,0.2,0.19921875,22.908370113836707,17.154878052268433,0.8163349599800347
57,real,biharmonic,0.3,0.30078125,22.908370113836707,15.673209131754591,0.7285369944651194
57,real,tv_l2,0.3,0.30078125,22.908370113836707,18.359465290348332,0.8644118074593621
57,simulated,biharmonic,0.2,0.19921875,22.908370113836707,15.107187086664737,0.6822360721179388
57,simulated,tv_l2,0.2,0.19921875,22.908370113836707,16.865608039350057,0.8021385106407448
66,real,full fast scan + TV-L2,1.0,1.0,22.965242037596884,20.400030522009978,0.9155722429580992
66,simulated,full fast scan + TV-L2,1.0,1.0,22.965242037596884,18.64352255074264,0.8704336331087831
57,simulated,biharmonic,0.3,0.30078125,22.908370113836707,14.898258929161909,0.6626472703545947
57,simulated,tv_l2,0.3,0.30078125,22.908370113836707,17.898787072292574,0.8478908944956964
66,real,biharmonic,0.2,0.19921875,22.965242037596884,16.15824026916763,0.7553147369515708
66,real,tv_l2,0.2,0.19921875,22.965242037596884,17.216346698805527,0.8144755994012877
66,real,biharmonic,0.1,0.099609375,22.965242037596884,15.975575390583387,0.7430008400083175
66,real,tv_l2,0.1,0.099609375,22.965242037596884,15.780237526093462,0.7290008860980695
57,real,biharmonic,0.1,0.099609375,22.908370113836707,16.11715206814806,0.759185006383443
57,real,tv_l2,0.1,0.099609375,22.908370113836707,15.884308575048154,0.7436591676892681
66,real,biharmonic,0.3,0.30078125,22.965242037596884,15.706457751363134,0.7234737296151571
66,real,tv_l2,0.3,0.30078125,22.965242037596884,18.437519031524698,0.8636447696600913
57,simulated,biharmonic,0.1,0.099609375,22.908370113836707,15.303712730119246,0.6993542658278881
57,simulated,tv_l2,0.1,0.099609375,22.908370113836707,15.6601933948286,0.7275697605516701
66,simulated,biharmonic,0.1,0.099609375,22.965242037596884,15.038637572602818,0.6664789496278986
66,simulated,tv_l2,0.1,0.099609375,22.965242037596884,15.44542423214028,0.7027734950920845
75,real,full fast scan + TV-L2,1.0,1.0,23.225793237983595,20.346365536128857,0.9107900823317114
75,simulated,full fast scan + TV-L2,1.0,1.0,23.225793237983595,18.95437392080089,0.874717798610879
66,simulated,biharmonic,0.3,0.30078125,22.965242037596884,14.819580851656543,0.644546707316576
66,simulated,tv_l2,0.3,0.30078125,22.965242037596884,17.826406761247124,0.8411220674695549
66,simulated,biharmonic,0.2,0.19921875,22.965242037596884,15.14772076004665,0.6767427019524759
66,simulated,tv_l2,0.2,0.19921875,22.965242037596884,16.85520204539769,0.7963546212785378
75,simulated,biharmonic,0.2,0.19921875,23.225793237983595,15.196900153260625,0.6648902678240907
75,simulated,tv_l2,0.2,0.19921875,23.225793237983595,16.749348306435305,0.7808735768204517
75,real,biharmonic,0.2,0.19921875,23.225793237983595,16.16773281815774,0.7442051307258201
75,real,tv_l2,0.2,0.19921875,23.225793237983595,17.111121285490157,0.8005957959710208
75,real,biharmonic,0.3,0.30078125,23.225793237983595,15.772766123533142,0.7150967256975411
75,real,tv_l2,0.3,0.30078125,23.225793237983595,18.493272728035123,0.8595479731122707
85,real,full fast scan + TV-L2,1.0,1.0,23.215334907590034,20.293160641375366,0.90830434854121
85,simulated,full fast scan + TV-L2,1.0,1.0,23.215334907590034,18.808140034229467,0.8681478563018382
75,simulated,biharmonic,0.3,0.30078125,23.225793237983595,14.991487231250511,0.6442487579241384
75,simulated,tv_l2,0.3,0.30078125,23.225793237983595,17.91551792222235,0.8376517277223637
75,real,biharmonic,0.1,0.099609375,23.225793237983595,16.052123547450453,0.7360740665350508
75,real,tv_l2,0.1,0.099609375,23.225793237983595,15.725420788702799,0.7113418524539711
75,simulated,biharmonic,0.1,0.099609375,23.225793237983595,15.16831936594112,0.6621142647095225
75,simulated,tv_l2,0.1,0.099609375,23.225793237983595,15.380938888715384,0.682076132206589
85,real,biharmonic,0.3,0.30078125,23.215334907590034,15.760038688988738,0.7092635008971276
85,real,tv_l2,0.3,0.30078125,23.215334907590034,18.305250909396904,0.8505535150229515
85,real,biharmonic,0.2,0.19921875,23.215334907590034,16.169581557221797,0.7401184298799011
85,real,tv_l2,0.2,0.19921875,23.215334907590034,17.097735331161775,0.7967390745572575
85,simulated,biharmonic,0.2,0.19921875,23.215334907590034,15.258476650224345,0.6649944623632809
85,simulated,tv_l2,0.2,0.19921875,23.215334907590034,16.809165174069282,0.7808343988471519
85,simulated,biharmonic,0.3,0.30078125,23.215334907590034,14.961926972480919,0.6346653223128772
85,simulated,tv_l2,0.3,0.30078125,23.215334907590034,17.83463285659326,0.8317381036979863
94,real,full fast scan + TV-L2,1.0,1.0,22.56410816666895,20.26514964214563,0.9096552225620383
94,simulated,full fast scan + TV-L2,1.0,1.0,22.56410816666895,18.631096780371518,0.865250842459936
94,real,biharmonic,0.2,0.19921875,22.56410816666895,16.10590381674163,0.7419199691734298
94,real,tv_l2,0.2,0.19921875,22.56410816666895,17.106991357458853,0.8018699222994697
85,simulated,biharmonic,0.1,0.099609375,23.215334907590034,15.285223825327318,0.6675644751855107
85,simulated,tv_l2,0.1,0.099609375,23.215334907590034,15.36774476272506,0.6753342268048348
85,real,biharmonic,0.1,0.099609375,23.215334907590034,16.2156382864488,0.7433342265283239
85,real,tv_l2,0.1,0.099609375,23.215334907590034,15.717919973675155,0.7058411979997088
94,real,biharmonic,0.3,0.30078125,22.56410816666895,15.706393851912734,0.7121296402863678
94,real,tv_l2,0.3,0.30078125,22.56410816666895,18.34904569745273,0.8554496173458264
104,real,full fast scan + TV-L2,1.0,1.0,22.790626563213912,20.269689622916015,0.9102984184720937
104,simulated,full fast scan + TV-L2,1.0,1.0,22.790626563213912,18.735923908335284,0.8695187648582275
94,simulated,biharmonic,0.2,0.19921875,22.56410816666895,15.091591089065009,0.6574008159810688
94,simulated,tv_l2,0.2,0.19921875,22.56410816666895,16.677487845735023,0.7783854324974034
94,simulated,biharmonic,0.3,0.30078125,22.56410816666895,14.838534268021057,0.6309569214040706
94,simulated,tv_l2,0.3,0.30078125,22.56410816666895,17.71090897940273,0.8302664198365133
94,simulated,biharmonic,0.1,0.099609375,22.56410816666895,15.310674853375643,0.6783138916064766
94,simulated,tv_l2,0.1,0.099609375,22.56410816666895,15.452467279593133,0.6909789601700385
94,real,biharmonic,0.1,0.099609375,22.56410816666895,16.22548397137079,0.7501030452396128
94,real,tv_l2,0.1,0.099609375,22.56410816666895,15.78880153737299,0.7186047052477426
104,real,biharmonic,0.2,0.19921875,22.790626563213912,16.078778558188095,0.7417735452645711
104,real,tv_l2,0.2,0.19921875,22.790626563213912,16.973847076354883,0.7962387957143859
104,real,biharmonic,0.3,0.30078125,22.790626563213912,15.718274807288504,0.7150520846056072
104,real,tv_l2,0.3,0.30078125,22.790626563213912,18.26675901507859,0.8533665486181529
113,real,full fast scan + TV-L2,1.0,1.0,22.482389215882158,20.088173986707968,0.9076743946242697
113,simulated,full fast scan + TV-L2,1.0,1.0,22.482389215882158,18.785031631337425,0.8730629890432398
104,simulated,biharmonic,0.3,0.30078125,22.790626563213912,14.866804047981512,0.6367479562011614
104,simulated,tv_l2,0.3,0.30078125,22.790626563213912,17.727462922420003,0.8320471661991877
104,simulated,biharmonic,0.2,0.19921875,22.790626563213912,15.096150241385637,0.6603264128809393
104,simulated,tv_l2,0.2,0.19921875,22.790626563213912,16.676927127326138,0.7798063364551832
113,real,biharmonic,0.2,0.19921875,22.482389215882158,16.01833677733022,0.7419007592526722
113,real,tv_l2,0.2,0.19921875,22.482389215882158,16.97014797237174,0.7993114098605801
104,real,biharmonic,0.1,0.099609375,22.790626563213912,16.10787025628019,0.7437948451920118
104,real,tv_l2,0.1,0.099609375,22.790626563213912,15.713957703069585,0.714712144452762
104,simulated,biharmonic,0.1,0.099609375,22.790626563213912,15.239304725928246,0.6740309909114981
104,simulated,tv_l2,0.1,0.099609375,22.790626563213912,15.512694845633073,0.6982906447448701
113,simulated,biharmonic,0.2,0.19921875,22.482389215882158,15.120127511211583,0.66867014902255
113,simulated,tv_l2,0.2,0.19921875,22.482389215882158,16.712994793929994,0.7854117459867361
113,simulated,biharmonic,0.3,0.30078125,22.482389215882158,14.890848189015003,0.6458692253336318
113,simulated,tv_l2,0.3,0.30078125,22.482389215882158,17.792483256145097,0.8373707376571454
113,real,biharmonic,0.3,0.30078125,22.482389215882158,15.645296147579721,0.7142075157779505
113,real,tv_l2,0.3,0.30078125,22.482389215882158,18.242606766904988,0.8547566709116867
122,real,full fast scan + TV-L2,1.0,1.0,22.55871057626903,20.36082096873105,0.9105028967770695
122,simulated,full fast scan + TV-L2,1.0,1.0,22.55871057626903,18.629922210766413,0.8633016113159924
113,simulated,biharmonic,0.1,0.099609375,22.482389215882158,15.238666123789233,0.679710443257637
113,simulated,tv_l2,0.1,0.099609375,22.482389215882158,15.429402399494695,0.6965076479498772
113,real,biharmonic,0.1,0.099609375,22.482389215882158,16.146995523179744,0.7506931386467086
113,real,tv_l2,0.1,0.099609375,22.482389215882158,15.715245007569802,0.7196664367068517
122,real,biharmonic,0.2,0.19921875,22.55871057626903,16.19986391096144,0.7445065432784451
122,real,tv_l2,0.2,0.19921875,22.55871057626903,17.174173909356966,0.8024085510463645
122,real,biharmonic,0.3,0.30078125,22.55871057626903,15.77325674698505,0.7129413738527233
122,real,tv_l2,0.3,0.30078125,22.55871057626903,18.394063881433524,0.8550288009115904
122,simulated,biharmonic,0.3,0.30078125,22.55871057626903,14.908309891003107,0.6323937751288231
122,simulated,tv_l2,0.3,0.30078125,22.55871057626903,17.80547580168959,0.8318907433883209
132,real,full fast scan + TV-L2,1.0,1.0,22.68602888670229,20.137184645415715,0.9065036061639068
132,simulated,full fast scan + TV-L2,1.0,1.0,22.68602888670229,18.432970209780983,0.8579575523561047
122,simulated,biharmonic,0.2,0.19921875,22.55871057626903,15.214953887393632,0.6639507606661084
122,simulated,tv_l2,0.2,0.19921875,22.55871057626903,16.77204323158581,0.7805818720997721
122,real,biharmonic,0.1,0.099609375,22.55871057626903,16.32960128811993,0.7532647855424274
122,real,tv_l2,0.1,0.099609375,22.55871057626903,15.860047280389988,0.7197321842074117
122,simulated,biharmonic,0.1,0.099609375,22.55871057626903,15.285242239600304,0.6706770044681984
122,simulated,tv_l2,0.1,0.099609375,22.55871057626903,15.458230220675652,0.6865072146250112
132,real,biharmonic,0.2,0.19921875,22.68602888670229,16.059164658330324,0.7376563202303541
132,real,tv_l2,0.2,0.19921875,22.68602888670229,16.945478149397655,0.7926480585791478
132,real,biharmonic,0.3,0.30078125,22.68602888670229,15.703150935109937,0.7107692794126078
132,real,tv_l2,0.3,0.30078125,22.68602888670229,18.231755476911008,0.8506328324498099
141,real,full fast scan + TV-L2,1.0,1.0,22.650554857383987,20.245192152522936,0.9102859746849031
141,simulated,full fast scan + TV-L2,1.0,1.0,22.650554857383987,18.866251371944557,0.8743997230863781
132,simulated,biharmonic,0.3,0.30078125,22.68602888670229,14.85742611375326,0.6315177838102626
132,simulated,tv_l2,0.3,0.30078125,22.68602888670229,17.66392147389842,0.827626122178747
132,simulated,biharmonic,0.2,0.19921875,22.68602888670229,15.009749178367704,0.6477152154323385
132,simulated,tv_l2,0.2,0.19921875,22.68602888670229,16.50057676061179,0.7669376908125584
132,simulated,biharmonic,0.1,0.099609375,22.68602888670229,14.948095827308965,0.6412767179728808
132,simulated,tv_l2,0.1,0.099609375,22.68602888670229,15.311548910901408,0.6771284866658605
132,real,biharmonic,0.1,0.099609375,22.68602888670229,15.94820578470472,0.7296162251859102
132,real,tv_l2,0.1,0.099609375,22.68602888670229,15.67960731206746,0.7088746550015164
141,real,biharmonic,0.2,0.19921875,22.650554857383987,16.02522566018154,0.73969517338502
141,real,tv_l2,0.2,0.19921875,22.650554857383987,17.01209564780363,0.7994988814944446
141,real,biharmonic,0.3,0.30078125,22.650554857383987,15.675855208290262,0.7135921155008715
141,real,tv_l2,0.3,0.30078125,22.650554857383987,18.27995150019421,0.8547205047860202
151,real,full fast scan + TV-L2,1.0,1.0,22.852540285428216,20.198910230383973,0.9063105793733907
151,simulated,full fast scan + TV-L2,1.0,1.0,22.852540285428216,18.853374265912244,0.8697897949962189
141,simulated,biharmonic,0.2,0.19921875,22.650554857383987,15.073585655863956,0.6604599827167192
141,simulated,tv_l2,0.2,0.19921875,22.650554857383987,16.71561063103941,0.7833945116164192
141,simulated,biharmonic,0.3,0.30078125,22.650554857383987,14.949231261816703,0.6479433613522586
141,simulated,tv_l2,0.3,0.30078125,22.650554857383987,17.799938749042518,0.8360963589951936
141,simulated,biharmonic,0.1,0.099609375,22.650554857383987,15.176584375011155,0.6703888205252624
141,simulated,tv_l2,0.1,0.099609375,22.650554857383987,15.506343209825879,0.6997705219198284
141,real,biharmonic,0.1,0.099609375,22.650554857383987,15.961137808083743,0.7351304502284546
141,real,tv_l2,0.1,0.099609375,22.650554857383987,15.779069050895952,0.7216232796871724
151,real,biharmonic,0.2,0.19921875,22.852540285428216,16.112375717578548,0.7364411574534719
151,real,tv_l2,0.2,0.19921875,22.852540285428216,17.012691339609304,0.7924844187245229
151,real,biharmonic,0.3,0.30078125,22.852540285428216,15.718996850025844,0.7063684343647121
151,real,tv_l2,0.3,0.30078125,22.852540285428216,18.211591042587905,0.8472081098309941
151,simulated,biharmonic,0.3,0.30078125,22.852540285428216,14.959908796039405,0.6350284187282769
151,simulated,tv_l2,0.3,0.30078125,22.852540285428216,17.742419623630937,0.8279874814090581
160,real,full fast scan + TV-L2,1.0,1.0,23.03720347942599,20.3940046853294,0.9126093931178401
160,simulated,full fast scan + TV-L2,1.0,1.0,23.03720347942599,18.419804629672875,0.8582910394536108
151,real,biharmonic,0.1,0.099609375,22.852540285428216,16.079439608384455,0.7340719417974527
151,real,tv_l2,0.1,0.099609375,22.852540285428216,15.822932515159668,0.7147062543507445
151,simulated,biharmonic,0.1,0.099609375,22.852540285428216,15.147988118146001,0.6546391276878132
151,simulated,tv_l2,0.1,0.099609375,22.852540285428216,15.568638792550916,0.6937620944911242
151,simulated,biharmonic,0.2,0.19921875,22.852540285428216,15.207224832157888,0.6605254562005854
151,simulated,tv_l2,0.2,0.19921875,22.852540285428216,16.70968517921912,0.7753403413117447
160,real,biharmonic,0.3,0.30078125,23.03720347942599,15.727623472542152,0.7145113898268883
160,real,tv_l2,0.3,0.30078125,23.03720347942599,18.33795626959577,0.855367484403991
160,simulated,biharmonic,0.3,0.30078125,23.03720347942599,14.778149839504112,0.6252335047008953
160,simulated,tv_l2,0.3,0.30078125,23.03720347942599,17.601585386285233,0.8258746463950104
170,real,full fast scan + TV-L2,1.0,1.0,22.48678776011611,20.32853542207078,0.9127925829678574
170,simulated,full fast scan + TV-L2,1.0,1.0,22.48678776011611,18.029924117609003,0.8466445847906924
160,simulated,biharmonic,0.2,0.19921875,23.03720347942599,14.985021150314669,0.6474949933626221
160,simulated,tv_l2,0.2,0.19921875,23.03720347942599,16.707183301880935,0.7806171776995929
160,real,biharmonic,0.2,0.19921875,23.03720347942599,16.176617084426397,0.747397197257267
160,real,tv_l2,0.2,0.19921875,23.03720347942599,17.13535530675959,0.8037652270642212
160,real,biharmonic,0.1,0.099609375,23.03720347942599,16.23169151283219,0.7511090106047431
160,real,tv_l2,0.1,0.099609375,23.03720347942599,15.970647994176463,0.7329150364340293
160,simulated,biharmonic,0.1,0.099609375,23.03720347942599,15.177678205461628,0.666670319376616
160,simulated,tv_l2,0.1,0.099609375,23.03720347942599,15.56763976319608,0.7015406382248296
170,real,biharmonic,0.2,0.19921875,22.48678776011611,16.12860431689358,0.7491680347341121
170,real,tv_l2,0.2,0.19921875,22.48678776011611,17.142425769565225,0.8078354023222819
170,real,biharmonic,0.3,0.30078125,22.48678776011611,15.705870742492202,0.7186086235539201
170,real,tv_l2,0.3,0.30078125,22.48678776011611,18.34702377557604,0.8583399806745587
170,simulated,biharmonic,0.3,0.30078125,22.48678776011611,14.595767338035408,0.6128208269098881
170,simulated,tv_l2,0.3,0.30078125,22.48678776011611,17.415918959178104,0.8208536757613974
179,real,full fast scan + TV-L2,1.0,1.0,22.796528968852797,20.2723490363638,0.9093840262483842
179,simulated,full fast scan + TV-L2,1.0,1.0,22.796528968852797,18.737694166919738,0.8681265915614274
170,simulated,biharmonic,0.2,0.19921875,22.48678776011611,14.86181494846768,0.6423822071419072
170,simulated,tv_l2,0.2,0.19921875,22.48678776011611,16.515577215710316,0.7737284265232394
170,real,biharmonic,0.1,0.099609375,22.48678776011611,16.03966823538958,0.7430850039662545
170,real,tv_l2,0.1,0.099609375,22.48678776011611,15.91196512813903,0.7340379049780418
170,simulated,biharmonic,0.1,0.099609375,22.48678776011611,14.775929542669763,0.6331856304377429
170,simulated,tv_l2,0.1,0.099609375,22.48678776011611,15.44868694797038,0.6977787000879496
179,real,biharmonic,0.2,0.19921875,22.796528968852797,16.0814784342036,0.7388266786827445
179,real,tv_l2,0.2,0.19921875,22.796528968852797,17.032946865340936,0.7970030833021207
179,real,biharmonic,0.3,0.30078125,22.796528968852797,15.755930722422223,0.7145029371753627
179,real,tv_l2,0.3,0.30078125,22.796528968852797,18.374152666650364,0.8556482593756265
179,simulated,biharmonic,0.3,0.30078125,22.796528968852797,14.957015672929527,0.6416041821776794
179,simulated,tv_l2,0.3,0.30078125,22.796528968852797,17.80600872731564,0.8334844287514801
179,simulated,biharmonic,0.2,0.19921875,22.796528968852797,15.140728492128959,0.660321647161359
179,simulated,tv_l2,0.2,0.19921875,22.796528968852797,16.71132537605906,0.7792135971518737
179,real,biharmonic,0.1,0.099609375,22.796528968852797,16.211325801102518,0.7478247328411155
179,real,tv_l2,0.1,0.099609375,22.796528968852797,15.90787780581165,0.726184553717333
179,simulated,biharmonic,0.1,0.099609375,22.796528968852797,15.302084273853486,0.6757173099190565
179,simulated,tv_l2,0.1,0.099609375,22.796528968852797,15.556703487095024,0.6982384244671677
